,Name,Property Type,1Nov,2Nov,3Nov,4Nov,5Nov,6Nov,7Nov,8Nov,9Nov,10Nov,11Nov,12Nov,13Nov,14Nov,15Nov,16Nov,17Nov,18Nov,19Nov,20Nov,21Nov,22Nov,23Nov,24Nov,25Nov,26Nov,27Nov,28Nov,29Nov,30Nov,Number of Stars,Review Score,Cleanliness,Distance to Mall,Distance to MRT,Early Check-in (Before 3pm),Late Check-out (After 12pm),Pay Later,Free Cancellation,Gym,Swimming Pool,Car Park,Airport Transfer,Breakfast,Hygiene+ (Covid-19),24h Front Desk,Laundry Service,Bathtub,Balcony,Kitchen,TV,Internet,Air Conditioning,Ironing,Non-Smoking
0,M Social Singapore,Hotel,166,166,169,157,166,217,NA,169,169,157,169,166,222,216,166,166,160,157,160,222,184,179,179,169,166,166,189,184,166,169,4,8.2,8.8,1000,1000,N,N,N,N,Y,Y,Y,Y,N,Y,Y,Y,N,N,N,Y,Y,Y,Y,N
1,YOTEL Singapore Orchard Road (SG Clean Certified),Hotel,162,162,162,162,162,167,180,162,162,162,162,162,167,169,156,156,156,156,156,161,169,160,160,156,156,156,161,169,157,156,4,8.8,9.2,2400,190,N,N,Y,Y,Y,Y,Y,N,N,Y,Y,Y,N,N,N,Y,Y,Y,Y,Y
2,Hotel G Singapore (SG Clean Certified),Hotel,99,99,99,99,97,113,117,99,99,99,99,99,113,117,96,99,99,99,99,113,NA,99,99,99,99,99,113,117,98,99,4,8.4,8.8,1300,230,N,N,N,N,Y,N,Y,N,N,Y,Y,Y,N,N,N,Y,Y,Y,Y,Y
3,Resorts World Sentosa - Hotel Michael (SG Clean Certified),Resort,480,457,363,362,339,480,NA,598,539,433,433,433,539,716,598,504,363,386,363,480,NA,539,504,457,457,457,539,692,480,457,5,8.1,8.3,4800,150,N,N,Y,Y,Y,Y,Y,Y,N,Y,Y,Y,N,N,N,Y,Y,Y,Y,Y
4,Pan Pacific Serviced Suites Beach Road (SG Clean Certified),Serviced apartment,242,241,253,231,231,347,NA,253,253,241,253,253,287,319,242,242,242,231,242,284,NA,262,262,262,250,262,287,297,250,262,5,8.8,9.2,1800,410,N,N,N,Y,Y,Y,Y,Y,N,Y,Y,Y,N,N,Y,N,Y,Y,N,N
5,Hotel Boss,Hotel,112,112,112,112,112,112,122,112,112,112,112,112,112,122,112,112,112,112,112,122,NA,112,112,112,112,112,122,131,112,112,4,7.8,8.0,2300,360,N,N,N,N,Y,Y,Y,N,N,Y,Y,Y,N,N,N,Y,Y,Y,N,Y
6,Carlton Hotel Singapore - SG Clean Certified,Hotel,230,230,230,230,230,245,268,230,230,230,230,230,262,268,230,230,230,230,230,240,NA,230,230,230,230,230,262,268,230,230,5,8.5,8.7,910,160,N,N,Y,Y,Y,Y,Y,N,N,Y,Y,Y,N,N,N,Y,Y,Y,Y,N
7,Goodwood Park Hotel (SG Clean Certified),Hotel,282,282,282,282,282,330,NA,282,282,282,282,282,330,330,282,282,282,282,282,330,NA,282,282,282,282,282,330,330,282,282,5,8.6,8.7,2400,500,N,N,Y,Y,Y,Y,Y,N,N,Y,Y,Y,N,N,Y,Y,Y,Y,Y,Y
8,PARKROYAL on Beach Road Singapore (SG Clean Certified),Hotel,232,225,245,207,212,235,NA,205,217,216,254,217,225,253,207,217,245,217,264,235,NA,217,264,264,243,264,235,245,207,264,4,8.3,8.5,1900,330,N,N,N,Y,Y,Y,Y,Y,N,Y,Y,Y,N,N,N,Y,Y,Y,Y,N
9,InterContinental Singapore (SG Clean Certified),Hotel,297,295,292,287,292,330,NA,302,298,291,291,291,339,367,358,297,291,291,297,331,331,321,298,298,312,312,314,351,314,306,5,8.8,9.1,1300,270,N,N,Y,Y,Y,Y,Y,Y,N,Y,Y,Y,Y,N,N,Y,Y,Y,Y,N
10,Amara Sanctuary Resort Sentosa (SG Clean Certified),Resort,403,300,359,359,359,NA,NA,327,318,326,320,327,398,NA,NA,366,318,331,334,NA,NA,363,NA,325,319,339,361,NA,331,321,5,7.6,7.8,5100,380,N,N,N,N,Y,Y,Y,Y,N,Y,Y,Y,Y,N,N,Y,Y,Y,Y,Y
11,lyf Funan Singapore,Hotel,162,143,143,143,143,162,NA,162,143,143,143,153,181,NA,162,153,143,143,162,162,NA,162,162,162,162,162,162,162,162,162,4,8.7,8.9,360,340,N,N,Y,Y,Y,N,Y,N,N,Y,Y,Y,N,N,N,N,Y,Y,N,Y
12,Hilton Singapore (SG Clean Certified),Hotel,194,194,194,194,194,256,NA,194,194,194,194,194,256,256,221,221,221,221,221,274,NA,221,221,221,221,221,274,274,221,221,5,8.3,8.6,2600,370,N,N,Y,Y,Y,Y,Y,Y,N,Y,Y,Y,Y,N,N,Y,Y,Y,Y,Y
13,"Capri by Fraser - Changi City (SG Clean Certified,Staycation approved)",Hotel,174,173,157,177,157,NA,NA,206,154,145,154,154,205,NA,147,154,169,176,167,135,NA,157,157,154,154,158,181,171,145,154,4,8.6,9.0,4000,290,N,N,N,Y,Y,Y,Y,N,N,Y,Y,Y,N,N,N,Y,Y,Y,Y,N
14,YOTELAIR Singapore Changi Airport at Jewel (SG Clean Certified),Hotel,139,139,139,139,140,140,NA,140,140,140,140,140,140,140,140,140,140,140,140,140,NA,140,140,140,140,140,140,140,140,140,4,8.2,9.0,10,320,N,N,N,Y,Y,N,Y,N,N,Y,Y,Y,N,N,N,N,Y,Y,N,Y
15,Marina Bay Sands (SG Clean Certified),Hotel,493,493,493,493,493,564,NA,564,517,493,493,493,564,NA,587,493,493,493,493,564,587,564,517,517,517,517,564,587,564,540,5,8.7,9.1,1800,320,N,N,Y,Y,Y,Y,Y,Y,N,N,Y,Y,N,N,N,N,Y,Y,Y,Y
16,One Farrer Hotel (SG Clean),Hotel,230,230,230,230,230,230,230,237,231,191,191,237,231,219,177,177,177,177,177,219,NA,177,177,177,177,177,219,219,177,177,5,9.0,9.3,2600,60,N,N,Y,Y,Y,Y,Y,Y,N,Y,Y,Y,N,N,N,N,Y,Y,N,Y
17,Resorts World Sentosa - Equarius Hotel (SG Clean Certified),Resort,539,504,386,421,386,NA,NA,598,598,457,457,457,NA,NA,621,539,480,480,480,NA,NA,598,574,504,504,538,NA,NA,591,539,5,8.3,9.0,4900,530,N,N,N,Y,Y,Y,Y,N,N,Y,Y,Y,N,N,N,Y,Y,Y,Y,N
18,Amara Singapore (SG Clean Certified),Hotel,213,228,228,228,228,248,NA,222,222,222,222,222,240,248,200,222,222,222,222,233,NA,222,222,222,205,212,238,241,209,228,5,8.0,8.1,1800,300,N,N,N,N,Y,Y,Y,Y,N,Y,Y,Y,N,N,N,N,Y,Y,Y,N
19,Hotel Soloha @ Chinatown (SG Clean),Hotel,121,121,118,124,118,127,NA,122,118,120,118,122,125,138,117,127,118,123,117,126,NA,121,118,123,120,121,125,136,119,120,4,8.8,9.2,1300,270,N,N,Y,Y,N,N,Y,N,N,Y,Y,Y,N,N,N,Y,Y,Y,Y,Y
20,Hotel Mono - (SG Clean Certified),Hotel,131,129,131,136,NA,135,NA,126,124,125,124,NA,145,NA,197,129,124,128,122,NA,NA,126,124,128,NA,132,NA,NA,125,125,3,8.4,8.4,750,110,N,N,Y,Y,N,N,Y,N,N,Y,Y,Y,N,N,N,Y,Y,Y,N,Y
21,Mandarin Orchard Singapore -SG Clean Certified,Hotel,233,139,139,139,139,233,NA,233,139,139,139,139,233,233,233,139,139,139,139,233,NA,233,139,139,139,139,233,233,233,139,5,8.4,8.6,1700,370,N,N,N,N,Y,Y,Y,Y,N,Y,Y,Y,Y,N,N,Y,Y,Y,Y,Y
22,The Quay Hotel,Hotel,89,115,NA,116,NA,135,NA,89,NA,114,NA,NA,133,NA,121,125,NA,NA,86,100,98,89,NA,89,89,89,96,NA,124,125,3,8.2,8.6,440,250,N,N,N,N,Y,N,Y,Y,N,Y,Y,Y,N,N,N,Y,Y,Y,Y,Y
23,Fairmont Singapore (SG Clean Certified),Hotel,352,259,259,259,259,320,NA,352,259,259,259,259,320,320,352,359,359,359,359,319,NA,359,359,359,359,359,319,319,359,359,5,8.8,9.0,910,160,N,N,Y,Y,Y,Y,Y,Y,N,Y,Y,Y,N,N,N,Y,Y,Y,Y,N
24,Q Loft Hotel1929@Chinatown,Hotel,84,83,77,72,68,84,NA,70,78,79,78,77,92,111,67,67,66,68,67,86,NA,67,68,71,67,79,94,102,NA,NA,3,7.6,7.8,1300,250,N,N,Y,Y,N,N,N,N,N,Y,Y,Y,N,N,N,Y,Y,Y,Y,N
25,The Capitol Kempinski Hotel Singapore (SG Clean Certified),Hotel,481,471,471,471,471,554,NA,480,471,471,471,471,554,847,500,471,471,451,471,622,NA,636,491,471,481,520,623,NA,669,500,5,9.2,9.6,630,130,N,N,N,Y,Y,N,Y,Y,N,Y,Y,Y,Y,N,N,Y,Y,Y,Y,Y
26,Strand Hotel (SG Clean Certified),Hotel,60,60,60,60,60,72,NA,60,60,60,60,60,NA,60,60,60,NA,60,80,80,80,80,80,80,80,80,NA,80,NA,NA,3,7.8,7.8,940,110,N,N,N,N,N,N,Y,N,N,Y,Y,Y,Y,N,N,Y,Y,Y,Y,Y
27,Orchard Hotel Singapore,Hotel,186,188,202,184,180,215,NA,179,195,187,195,199,228,217,179,202,200,210,199,214,NA,208,201,209,183,208,228,246,181,206,5,8.0,8.1,2700,510,N,N,N,N,Y,Y,Y,N,N,Y,Y,Y,Y,N,N,Y,Y,Y,Y,N
28,Robertson Quay Hotel,Hotel,82,82,127,127,127,NA,127,NA,NA,127,NA,NA,NA,NA,127,127,NA,NA,NA,NA,127,NA,NA,NA,119,NA,119,119,NA,NA,3,6.7,6.6,500,580,N,N,N,N,Y,N,Y,Y,N,N,Y,Y,N,N,N,Y,Y,Y,Y,Y
29,W Singapore - Sentosa Cove (SG Clean Certified),Resort,670,540,540,540,540,705,NA,611,599,540,540,599,670,NA,705,611,540,540,576,764,NA,740,893,740,740,740,740,NA,705,740,5,8.6,9.3,4900,2600,N,N,Y,Y,Y,Y,Y,Y,N,Y,Y,Y,Y,N,N,Y,Y,Y,N,N
30,Grand Hyatt Singapore,Hotel,341,341,341,341,341,365,NA,341,341,341,341,341,365,388,341,341,341,341,341,365,NA,341,341,341,341,341,365,388,341,341,5,8.8,9.0,2300,280,N,N,Y,Y,Y,Y,Y,Y,N,Y,Y,Y,N,N,N,Y,Y,Y,N,Y
31,Hotel Royal (SG Clean Certified),Hotel,140,125,137,127,125,127,NA,113,109,86,109,113,109,112,108,112,109,114,108,115,NA,114,110,115,112,114,109,115,NA,NA,4,7.0,7.1,3000,470,N,N,N,N,Y,Y,Y,N,N,Y,Y,Y,N,N,N,Y,Y,Y,N,N
32,Oasia Hotel Downtown Singapore by Far East Hospitality (SG Clean Certified),Hotel,254,254,244,244,244,286,NA,254,254,244,244,244,275,312,286,275,244,254,254,275,NA,275,260,240,240,240,270,260,270,260,4,8.8,9.0,1600,140,N,N,Y,Y,Y,Y,Y,N,N,Y,Y,Y,N,N,N,Y,Y,Y,Y,Y
33,Champion Hotel,Hotel,80,71,71,75,71,79,NA,75,71,71,70,71,77,79,70,71,71,71,70,80,NA,74,71,75,73,74,76,80,NA,NA,3,7.7,8.0,6400,750,N,N,Y,Y,N,N,Y,N,N,Y,Y,Y,N,N,N,Y,Y,Y,Y,Y
34,Ascott Orchard Singapore (SG Clean Certified),Hotel,270,270,270,288,NA,NA,NA,NA,NA,NA,NA,NA,NA,NA,NA,324,NA,NA,NA,NA,NA,NA,NA,NA,NA,NA,NA,NA,NA,NA,5,8.7,9.0,1900,480,N,N,Y,Y,Y,Y,Y,Y,N,Y,Y,Y,N,N,Y,Y,Y,Y,Y,Y
35,"The Ritz-Carlton, Millenia Singapore",Hotel,530,530,530,541,553,624,NA,577,530,541,541,541,647,683,541,541,541,541,541,624,NA,577,541,530,541,553,589,624,565,541,5,9.0,9.4,1500,310,N,N,Y,Y,Y,Y,Y,Y,N,Y,Y,Y,Y,N,N,Y,Y,Y,N,Y
36,Ascott Raffles Place Singapore,Hotel,306,306,306,306,306,306,NA,306,306,306,306,306,306,306,306,306,306,306,306,306,NA,306,306,306,306,306,306,306,306,306,5,8.7,9.1,1100,180,N,N,Y,Y,Y,Y,Y,Y,N,Y,Y,Y,Y,N,Y,N,Y,N,N,Y
37,The Fullerton Hotel,Hotel,412,412,412,412,412,405,NA,412,412,412,412,412,412,471,405,435,435,435,435,405,NA,412,412,412,412,412,412,471,405,412,5,9.0,9.2,880,310,N,N,N,N,Y,Y,Y,Y,N,Y,Y,Y,Y,N,N,N,Y,N,N,Y
38,Park 22 Hotel Little India (SG Clean Certified & Staycation Approved),Hotel,66,68,68,71,68,NA,NA,NA,NA,64,NA,NA,NA,71,67,65,NA,NA,NA,NA,NA,NA,NA,NA,70,NA,NA,75,NA,NA,3,7.8,7.8,1900,200,N,N,N,N,N,N,Y,N,N,Y,Y,Y,N,N,N,Y,Y,Y,Y,Y
39,"Aqueen Hotel Paya Lebar (SG Clean, Staycation Approved)",Hotel,114,114,114,114,114,NA,NA,153,153,153,153,153,153,NA,153,153,153,153,153,NA,153,153,144,144,144,144,NA,NA,144,NA,3,0.0,8.3,6100,450,N,N,N,N,N,N,Y,N,N,Y,Y,Y,N,N,N,Y,Y,Y,Y,N
40,The St. Regis Singapore (SG Clean Certified),Hotel,446,434,434,434,434,470,NA,434,434,423,423,434,470,505,434,434,434,434,434,470,NA,434,434,434,434,434,470,505,423,434,5,8.9,9.4,2800,690,N,N,Y,Y,Y,Y,Y,Y,N,Y,Y,Y,Y,N,N,N,Y,N,N,N
41,Orchid Country Club,Resort,210,181,NA,181,181,NA,NA,210,204,181,205,219,NA,NA,219,225,NA,NA,219,NA,NA,NA,181,206,NA,NA,NA,229,NA,NA,4,7.7,8.1,NA,1400,N,N,N,N,Y,Y,Y,N,N,Y,Y,Y,N,N,N,Y,Y,Y,Y,Y
42,"Hotel 1887, The New Opera House",Hotel,79,74,69,73,69,74,NA,NA,NA,70,NA,NA,73,83,68,71,NA,NA,NA,77,NA,NA,NA,NA,86,NA,73,85,NA,NA,3,7.8,7.8,930,250,N,N,Y,Y,N,N,Y,N,N,Y,Y,Y,N,N,N,N,Y,N,N,Y
43,Lloyds Inn,Hotel,170,169,174,170,172,NA,NA,NA,NA,224,NA,NA,NA,NA,224,224,NA,NA,NA,NA,NA,NA,NA,NA,221,NA,NA,NA,NA,NA,3,8.3,8.7,1000,390,N,N,Y,Y,N,Y,Y,N,Y,Y,Y,Y,N,N,N,N,Y,Y,N,Y
44,Village Hotel Bugis by Far East Hospitality (SG Clean Certified),Hotel,160,160,160,160,160,180,NA,160,160,160,160,160,180,196,160,160,160,160,160,180,NA,160,151,151,151,151,169,169,151,151,4,7.6,7.5,1800,230,N,N,Y,Y,Y,Y,Y,Y,N,Y,Y,Y,N,N,N,Y,Y,Y,Y,Y
45,The Southbridge Hotel,Hotel,87,87,85,89,85,NA,NA,88,85,86,84,88,NA,NA,83,87,85,88,83,NA,NA,87,84,NA,86,87,NA,NA,86,NA,4,0.0,8.4,820,270,N,N,N,N,Y,N,Y,N,N,Y,Y,Y,N,N,N,Y,Y,Y,Y,N
46,ST Signature Lite,Hotel,49,49,49,49,49,52,52,49,49,49,49,49,52,NA,49,49,49,49,49,NA,52,49,49,49,49,49,NA,52,49,NA,3,7.4,7.9,1700,370,N,N,N,N,N,N,N,Y,N,Y,Y,N,N,N,N,N,Y,Y,N,Y
47,Q Loft Hotels@Bedok (SG Clean Certified),Hotel,82,77,80,86,83,NA,NA,NA,NA,55,NA,NA,NA,NA,54,78,NA,NA,NA,NA,NA,NA,NA,NA,85,NA,NA,111,81,77,3,7.5,8.1,5700,490,N,N,Y,Y,N,N,Y,Y,N,Y,Y,Y,N,N,N,N,Y,N,N,N
48,Amrise Hotel,Hotel,63,NA,54,NA,67,71,69,70,NA,71,NA,NA,53,NA,67,53,NA,NA,NA,NA,63,NA,71,NA,53,NA,NA,53,NA,NA,2,6.4,6.2,4400,620,N,N,N,N,N,N,Y,N,N,Y,Y,N,N,N,N,N,Y,Y,Y,Y
49,Butternut Tree Hotel (SG Clean Certification),Hotel,71,71,69,71,69,NA,NA,NA,69,70,68,71,NA,NA,68,71,69,71,68,NA,NA,NA,68,71,70,71,NA,NA,NA,70,3,7.9,7.8,1200,260,N,N,N,N,N,N,Y,N,N,Y,Y,Y,N,N,N,Y,Y,Y,N,Y
50,Bliss Hotel Singapore (SG Clean Certified),Hotel,119,119,102,103,NA,NA,NA,NA,NA,71,NA,NA,NA,NA,70,71,NA,NA,NA,NA,NA,NA,NA,NA,71,NA,NA,NA,NA,NA,3,7.9,8.2,720,40,N,N,N,N,N,Y,Y,Y,N,Y,Y,Y,N,N,N,Y,Y,Y,Y,N
51,ST Signature Chinatown(SG Clean Certified),Hotel,44,44,44,44,44,48,46,43,43,43,43,43,46,NA,43,43,43,43,43,NA,46,43,43,43,43,43,NA,46,43,NA,3,8.8,9.1,1000,380,N,N,N,N,N,N,N,N,N,Y,N,Y,N,N,N,N,Y,Y,N,Y
52,Arton Boutique Hotel (SG Clean Certified),Hotel,102,102,102,102,102,104,109,101,101,101,101,101,NA,NA,108,NA,NA,NA,NA,NA,104,104,NA,NA,NA,NA,NA,104,NA,NA,3,0.0,8.0,2900,280,N,N,N,N,N,N,Y,N,N,Y,Y,Y,N,N,N,N,Y,Y,N,N
53,RedDoorz Hotel near Marine Parade Central (SG Clean Certified),Hotel,98,85,95,99,74,81,NA,90,81,81,80,82,88,NA,79,81,81,75,72,NA,82,58,57,60,75,75,NA,83,74,58,3,7.3,7.5,7600,1400,N,N,Y,N,N,N,Y,N,N,N,Y,Y,N,N,N,Y,Y,Y,N,N
54,RedDoorz Hotel @ Geylang (SG Clean Certified),Hotel,86,85,84,90,88,92,90,76,67,75,67,69,74,NA,66,69,67,69,66,NA,81,76,80,87,86,86,NA,83,75,68,2,7.7,7.8,4400,570,N,N,N,N,N,N,N,N,N,N,N,N,N,N,N,N,Y,Y,N,N
55,Summer View Hotel(SG Clean),Hotel,122,104,103,107,103,NA,NA,NA,NA,103,NA,NA,NA,NA,117,103,NA,NA,NA,NA,NA,NA,NA,NA,105,NA,NA,NA,NA,NA,3,8.1,8.4,1400,220,N,N,N,N,N,N,N,N,N,Y,Y,Y,N,N,N,N,Y,Y,N,Y
56,XY Hotel Bugis by ASANDA Hotels and Resorts (SG Clean Certified),Hotel,189,172,170,175,169,NA,NA,188,169,171,175,174,NA,205,182,171,169,174,167,NA,185,188,169,174,172,173,NA,190,185,171,4,7.9,8.1,2100,480,N,N,N,N,Y,Y,Y,N,N,Y,Y,Y,N,N,N,Y,Y,Y,N,Y
57,RedDoorz Hotel Plus @ Little India (SG Clean Certified),Hotel,98,98,97,98,97,102,NA,87,86,87,86,87,94,95,78,80,80,80,78,NA,95,87,86,87,87,87,NA,95,87,87,3,7.5,7.6,1800,160,N,N,N,N,N,N,N,N,N,N,N,Y,N,N,N,N,Y,Y,N,N
58,Classique Hotel (SG Clean Certified),Hotel,89,69,NA,69,NA,88,85,89,NA,NA,67,NA,86,NA,85,69,NA,69,67,NA,87,89,67,69,69,69,NA,89,NA,NA,3,7.5,7.6,2400,520,N,N,N,N,N,N,Y,N,N,Y,Y,Y,N,N,N,N,Y,Y,N,Y
59,Hotel NuVe - SG Clean Certified,Hotel,120,105,119,105,105,NA,NA,NA,105,105,105,105,109,NA,119,105,105,105,105,NA,109,105,105,105,105,105,NA,109,105,105,3,7.8,7.9,1900,330,N,N,N,N,N,N,Y,N,N,Y,Y,Y,N,N,N,Y,Y,Y,Y,N
60,Populous Hotel @ Bugis (SG Clean Certified),Hotel,112,101,112,101,101,NA,NA,112,112,101,112,101,NA,NA,101,101,101,101,101,NA,NA,101,112,101,101,101,NA,NA,136,136,3,7.8,8.3,1300,390,N,N,N,Y,N,N,Y,N,N,Y,Y,Y,N,N,N,Y,Y,Y,Y,N
61,ST Signature Bugis Beach,Hotel,97,97,97,97,97,107,107,97,97,97,97,97,107,NA,97,97,97,97,97,NA,107,97,97,97,97,97,NA,107,97,NA,3,8.4,8.1,1400,400,N,N,N,N,N,N,N,N,N,Y,N,N,N,N,Y,N,Y,Y,N,Y
62,RELC International Hotel,Hotel,180,180,180,180,180,180,NA,180,180,180,180,180,180,NA,180,180,180,180,180,NA,180,180,180,180,180,180,NA,180,180,180,4,7.3,7.8,3300,920,N,N,N,N,Y,N,Y,N,N,Y,Y,Y,N,N,N,Y,Y,Y,N,Y
63,Spacepod@lavender,Hostel,27,27,27,27,27,27,27,27,27,27,27,27,27,NA,27,27,27,27,27,NA,NA,27,27,27,27,27,NA,27,27,NA,1,0.0,7.9,2800,370,N,N,Y,Y,N,N,N,N,N,Y,N,Y,N,N,N,N,Y,Y,N,Y
64,Four Seasons Hotel Singapore (SG Clean Certified),Hotel,367,447,447,447,447,NA,NA,367,447,447,447,447,NA,NA,367,447,447,447,447,NA,NA,367,447,447,447,447,NA,NA,NA,447,5,9.1,9.4,2600,400,N,N,Y,Y,Y,Y,Y,Y,N,Y,Y,Y,Y,N,N,Y,Y,Y,Y,Y
65,MET A Space Pod @ Boat Quay,Capsule hotel,41,37,37,37,39,41,37,37,34,34,34,36,37,NA,37,34,34,34,36,NA,37,37,34,34,34,36,NA,37,37,NA,2,0.0,7.8,510,350,N,N,N,N,N,N,N,N,N,Y,N,Y,N,N,N,N,Y,Y,N,Y
66,K Hotel 14,Hotel,67,62,NA,62,61,72,70,NA,NA,52,NA,NA,71,NA,NA,52,NA,NA,NA,NA,NA,67,NA,NA,52,NA,NA,71,NA,NA,3,5.6,5.1,4200,690,N,N,N,N,N,N,Y,N,N,Y,Y,N,N,N,N,Y,Y,Y,N,N
67,Hotel NuVe Urbane - SG Clean Certified,Hotel,128,128,145,128,128,138,136,124,122,124,122,124,132,NA,121,124,122,124,121,NA,133,124,122,124,123,124,NA,133,NA,NA,4,8.2,8.7,2300,440,N,N,N,N,N,Y,Y,Y,N,Y,Y,Y,N,N,N,Y,Y,Y,N,Y
68,"Four Points by Sheraton Singapore, Riverview (SG Clean Certified)",Hotel,198,198,198,198,198,NA,NA,NA,NA,191,NA,NA,NA,198,191,191,NA,NA,NA,NA,NA,NA,NA,NA,180,NA,NA,198,NA,NA,4,7.6,7.6,1100,970,N,N,Y,Y,Y,Y,Y,N,N,Y,Y,Y,Y,N,N,N,Y,N,N,N
69,Galaxy Pods @ Chinatown,Hotel,22,22,22,22,22,22,22,22,22,22,22,22,22,NA,22,29,29,29,28,NA,NA,29,NA,29,NA,29,NA,29,29,NA,2,8.2,7.9,800,230,N,N,Y,Y,N,N,N,N,N,N,Y,Y,N,N,N,N,Y,Y,Y,N
70,Aliwal Park Hotel,Hotel,67,62,61,62,62,66,59,59,55,55,55,55,59,NA,59,55,55,55,55,NA,59,59,55,55,55,55,NA,59,59,55,2,6.2,5.6,2100,520,N,N,N,N,N,N,N,N,N,Y,N,N,N,N,N,N,Y,Y,N,Y
71,Hotel 81 Tristar (SG Clean Certified),Hotel,85,85,85,85,85,104,104,85,85,85,85,85,104,NA,85,85,85,85,85,NA,104,85,85,85,85,85,NA,104,85,85,2,7.0,6.8,6300,590,N,N,Y,Y,N,Y,Y,Y,N,Y,Y,Y,Y,N,N,Y,Y,Y,N,Y
72,The Warehouse Hotel,Hotel,403,403,399,403,420,NA,580,420,454,420,454,420,NA,NA,NA,420,420,420,420,NA,NA,420,463,467,467,467,NA,NA,NA,NA,4,8.3,9.0,1100,910,N,N,N,N,N,Y,Y,N,N,N,Y,Y,N,N,N,N,Y,N,N,N
73,The Quay Hotel West Coast,Hotel,128,124,125,124,124,NA,135,109,107,108,107,109,118,NA,106,108,107,109,106,NA,NA,109,NA,109,109,109,NA,119,NA,NA,3,7.0,7.3,8700,1800,N,N,N,N,N,N,Y,Y,N,Y,Y,Y,N,N,N,Y,Y,Y,Y,Y
74,RedDoorz Hotel @ Aljunied (SG Clean Certified),Hotel,81,80,78,83,79,86,84,81,72,73,72,68,72,NA,65,67,66,75,71,NA,80,74,72,75,74,74,NA,82,NA,NA,2,7.0,6.7,4500,550,N,N,N,N,N,N,Y,N,N,N,Y,Y,Y,N,N,Y,Y,Y,Y,Y
75,Harbour Ville Hotel - SG Clean Certified,Hotel,120,113,110,113,110,112,105,109,106,109,106,106,103,NA,102,105,106,106,NA,NA,111,109,NA,109,NA,109,NA,113,108,NA,3,6.8,7.2,2900,1000,N,N,N,N,Y,N,Y,Y,N,Y,Y,Y,N,N,N,Y,Y,Y,N,Y
76,Harbour Ville Hotel Hamilton - SG Clean Certified,Hotel,108,81,97,97,97,104,104,97,97,81,97,97,104,NA,97,87,87,81,79,NA,90,81,NA,81,97,97,NA,90,81,NA,3,6.7,6.5,2900,280,N,N,N,N,N,N,Y,Y,N,Y,Y,Y,N,N,N,N,Y,Y,N,N
77,Kam Leng Hotel (SG Clean Certified),Hotel,70,69,68,70,NA,NA,67,70,NA,69,NA,70,68,NA,NA,NA,68,NA,NA,NA,NA,70,NA,70,NA,NA,NA,70,NA,NA,3,7.2,7.2,2900,390,N,N,N,N,N,N,Y,Y,N,N,Y,Y,N,N,N,Y,Y,Y,Y,Y
78,Hotel 81 Premier Star (SG Clean Certified),Hotel,78,59,59,59,59,59,59,59,59,59,59,59,59,NA,59,59,59,64,64,NA,NA,83,64,69,69,69,NA,NA,NA,69,2,7.6,7.9,4500,580,N,N,Y,Y,N,N,Y,N,N,Y,Y,Y,N,N,N,Y,Y,Y,N,Y
79,Raffles Hotel Singapore,Hotel,"1,129","1,129",952,952,"1,129","1,341","1,341",NA,"1,129",952,NA,NA,"1,341",NA,NA,952,"1,129",952,952,"1,164","1,164",NA,"1,129",952,"1,129",NA,"1,246","1,423",NA,NA,5,9.2,9.5,1000,170,N,N,Y,Y,Y,Y,Y,Y,N,Y,Y,Y,Y,N,N,N,Y,N,N,N
80,Arianna Hotel,Hotel,59,53,75,71,NA,NA,75,75,NA,NA,NA,NA,NA,NA,NA,NA,NA,NA,NA,NA,NA,75,NA,NA,NA,NA,NA,NA,71,71,2,6.2,5.8,2300,410,N,N,N,N,N,N,Y,N,N,N,Y,N,N,N,N,Y,Y,Y,Y,Y
81,Hotel Conforto,Hotel,40,76,NA,NA,NA,NA,76,NA,NA,NA,NA,NA,NA,NA,NA,NA,NA,NA,NA,NA,NA,NA,NA,NA,NA,NA,NA,NA,79,79,3,7.7,7.4,310,150,N,N,N,N,N,N,Y,N,N,Y,Y,Y,N,N,N,N,Y,Y,N,N
82,ST Signature - Dusk Bugis Beach,Hotel,65,65,65,NA,NA,NA,72,65,65,65,NA,65,72,NA,NA,65,65,65,NA,NA,NA,65,NA,65,NA,65,NA,72,NA,NA,3,0.0,8.5,1500,360,N,N,N,N,N,N,N,N,N,Y,N,N,N,N,N,N,Y,Y,N,N
83,Capella The Club Residences Singapore,Serviced apartment,942,NA,NA,NA,NA,NA,NA,942,836,847,844,NA,NA,NA,942,848,NA,NA,NA,NA,NA,NA,NA,NA,NA,NA,NA,NA,NA,NA,5,0.0,9.1,5100,1400,N,N,Y,Y,Y,Y,Y,Y,N,Y,Y,Y,Y,N,Y,Y,Y,Y,Y,Y
84,ST Signature - Dawn Bugis Beach,Hotel,68,54,54,54,54,58,58,54,54,54,54,54,58,NA,54,54,54,54,54,NA,58,54,54,54,54,54,NA,58,54,NA,3,7.8,8.0,1500,340,N,N,N,N,N,N,N,N,N,Y,N,N,N,N,N,N,Y,Y,N,N
85,Lai Ming Hotel Cosmoland (SG Clean Certified),Hotel,69,69,68,NA,NA,69,67,69,68,69,67,69,68,NA,67,69,68,69,NA,NA,69,69,NA,69,NA,69,NA,69,69,NA,3,6.3,5.4,4700,400,N,N,Y,Y,Y,N,Y,N,N,Y,Y,Y,Y,N,Y,N,Y,Y,Y,Y
86,MET A Space Pod @ Arab Street,Capsule hotel,39,36,36,NA,NA,48,45,34,NA,32,NA,37,42,NA,NA,NA,32,NA,NA,NA,NA,34,NA,32,NA,37,NA,45,34,NA,2,8.4,8.4,1900,370,N,N,N,N,N,N,N,N,N,Y,N,Y,N,N,N,N,Y,Y,N,N
87,Fragrance Hotel - Rose (SG Clean Certified),Hotel,74,74,74,NA,NA,74,74,74,74,74,74,74,74,NA,74,74,74,74,NA,NA,74,74,NA,74,NA,74,NA,74,74,74,2,7.2,7.3,3600,1000,N,N,Y,Y,N,N,N,N,N,Y,Y,Y,N,N,N,Y,Y,Y,Y,Y
88,The Noble Hotel (SG Clean Certification),Hotel,73,68,68,NA,NA,68,68,69,NA,65,NA,65,69,NA,NA,NA,65,NA,NA,NA,NA,70,NA,65,NA,NA,NA,65,NA,NA,3,0.0,6.2,3000,350,N,N,N,N,N,N,Y,N,N,N,Y,Y,N,N,N,Y,Y,Y,Y,N
89,ZEN Rooms Oasis (SG Clean & Staycation Certified),Hotel,86,69,78,NA,NA,69,67,81,73,74,72,75,68,NA,67,74,68,70,67,NA,NA,75,NA,76,85,75,NA,71,69,69,3,7.1,7.0,4100,540,N,N,N,N,N,N,Y,N,N,Y,Y,Y,N,N,N,N,Y,Y,N,N
90,Fragrance Hotel - Kovan (SG Clean Certified),Hotel,94,79,77,NA,NA,NA,91,94,NA,78,NA,NA,92,NA,NA,NA,77,NA,NA,NA,NA,NA,NA,79,NA,NA,NA,94,NA,78,2,6.6,6.6,7900,730,N,N,N,N,N,N,Y,N,N,Y,Y,Y,N,N,N,Y,Y,Y,N,N
91,Hotel 81 Elegance,Hotel,85,66,66,NA,NA,NA,85,85,NA,NA,NA,NA,85,NA,NA,NA,NA,NA,NA,NA,NA,NA,NA,NA,NA,NA,NA,85,NA,66,2,6.8,6.9,2900,340,N,N,Y,Y,N,N,Y,N,N,N,Y,Y,N,N,N,Y,Y,Y,N,Y
92,CapsulePod@Aljunied,Hostel,27,27,27,NA,NA,NA,27,27,NA,27,NA,27,27,NA,NA,NA,27,NA,NA,NA,NA,27,NA,27,NA,NA,NA,27,27,NA,2,9.2,9.2,5000,110,N,N,Y,Y,N,N,Y,N,N,N,N,N,N,N,N,N,Y,Y,N,N
93,Hotel Clover 5 Hongkong Street (SG Clean),Hotel,117,117,117,NA,NA,117,117,117,NA,NA,NA,NA,124,NA,NA,NA,124,NA,NA,NA,125,117,NA,121,NA,NA,NA,121,118,119,4,7.7,8.1,400,210,N,N,N,N,N,Y,Y,N,N,Y,Y,Y,N,N,N,Y,Y,Y,Y,Y
94,ZEN Rooms Novena,Hotel,147,147,144,NA,NA,NA,141,147,NA,NA,NA,NA,143,NA,NA,NA,NA,NA,NA,NA,NA,147,NA,NA,NA,NA,NA,147,NA,146,4,7.3,7.4,3000,440,N,N,N,N,Y,Y,Y,N,N,Y,Y,Y,N,N,N,N,Y,Y,N,Y
95,Rest Bugis Hotel(SG Clean),Hotel,103,103,103,NA,NA,NA,110,NA,NA,NA,NA,NA,110,NA,NA,103,NA,NA,NA,NA,NA,NA,103,NA,NA,NA,NA,110,103,103,4,7.5,7.6,2100,460,N,N,N,N,N,Y,Y,N,N,Y,Y,Y,N,N,N,N,Y,Y,N,Y
96,Spacepod@com,Hostel,27,27,27,NA,NA,NA,NA,27,NA,NA,NA,NA,NA,NA,NA,NA,NA,NA,NA,27,NA,NA,NA,NA,NA,NA,27,NA,27,27,2,8.7,8.6,3700,210,N,N,Y,Y,N,N,N,N,N,N,N,Y,N,N,Y,N,Y,Y,N,Y
97,Hotel 81 Changi (SG Clean Certified),Hotel,94,75,75,NA,NA,NA,94,94,75,75,NA,75,NA,NA,NA,NA,75,75,NA,NA,NA,94,NA,75,NA,75,NA,NA,NA,NA,2,6.9,6.7,7900,280,N,Y,Y,Y,N,N,N,N,N,Y,Y,N,Y,N,N,Y,Y,Y,Y,Y
98,RedDoorz Hotel Premium @ Serangoon (SG Clean Certified),Hotel,91,81,85,NA,NA,NA,84,82,NA,80,NA,75,NA,NA,NA,NA,67,69,NA,NA,NA,74,NA,96,NA,95,NA,110,93,94,3,8.1,8.1,2000,380,N,N,N,N,N,N,N,N,N,N,N,N,N,N,N,N,Y,Y,N,Y
99,Resorts World Sentosa - Crockfords Tower,Hotel,833,716,716,NA,NA,NA,"1,304",951,704,704,704,704,"1,186",NA,NA,833,704,704,704,"1,186",NA,"1,069",NA,951,NA,951,"1,304",NA,"1,069",833,5,8.2,7.8,4900,180,N,N,Y,Y,Y,Y,Y,Y,N,Y,Y,Y,Y,N,N,Y,Y,Y,Y,Y
100,S Inn Clarke Quay,Hostel,23,23,23,NA,NA,NA,NA,NA,NA,NA,22,NA,NA,NA,NA,19,NA,NA,19,NA,NA,NA,19,19,19,19,NA,NA,20,19,2,7.8,7.4,370,170,N,N,N,N,N,N,Y,Y,N,N,N,Y,N,N,N,N,Y,Y,N,Y
101,AMOY by Far East Hospitality (SG Clean Certified),Hotel,231,257,257,NA,NA,NA,NA,231,244,244,244,244,NA,NA,231,244,255,255,255,NA,252,252,255,244,244,244,NA,NA,NA,NA,4,0.0,9.1,880,110,N,N,Y,Y,N,N,Y,Y,N,Y,Y,Y,N,N,N,Y,Y,Y,Y,Y
102,ZEN Premium Kampong Glam,Hotel,133,133,133,NA,NA,NA,136,133,NA,NA,NA,NA,NA,NA,NA,NA,133,NA,NA,NA,NA,133,NA,133,NA,NA,NA,139,NA,NA,4,0.0,9.0,2100,480,N,N,N,N,N,N,Y,Y,N,Y,Y,Y,N,N,N,Y,Y,Y,Y,Y
103,Hotel 165,Hotel,85,69,69,NA,NA,NA,79,85,65,65,65,69,69,NA,79,65,65,65,NA,NA,NA,79,NA,60,NA,60,NA,79,79,60,2,6.5,5.9,2500,330,N,N,N,N,N,N,N,N,N,N,Y,Y,N,N,N,N,Y,Y,N,Y
104,YWCA Fort Canning (SG Clean Certified),Hotel,119,119,117,NA,NA,119,116,120,117,119,NA,120,117,NA,116,119,117,121,NA,NA,118,120,NA,121,NA,120,NA,121,118,119,4,7.4,7.5,800,150,N,N,N,N,N,Y,Y,N,N,Y,Y,Y,N,N,N,N,Y,Y,N,Y
105,Hotel 81 Dickson,Hotel,85,66,66,NA,NA,NA,NA,85,NA,NA,NA,NA,NA,NA,NA,66,NA,NA,NA,NA,NA,NA,NA,NA,NA,NA,NA,NA,NA,NA,2,0.0,7.4,1800,140,N,N,Y,Y,N,N,Y,N,N,Y,Y,Y,N,N,N,Y,Y,Y,N,Y
106,Hotel 81 Chinatown,Hotel,113,94,94,NA,NA,NA,113,NA,94,94,94,NA,NA,NA,NA,94,94,94,94,NA,NA,NA,94,94,94,94,NA,NA,113,94,2,6.9,6.7,720,20,N,N,Y,Y,N,N,N,Y,N,Y,Y,Y,N,N,N,Y,Y,Y,N,N
107,K Space Inn 569,Hostel,21,26,NA,NA,26,21,21,NA,21,21,21,21,21,21,NA,21,21,21,21,21,21,21,21,21,21,21,21,21,21,21,2,7.9,7.5,3100,580,N,N,N,Y,N,N,Y,N,N,Y,Y,Y,N,N,N,N,Y,Y,N,Y
108,Lodge 41,Hostel,21,23,23,NA,NA,23,NA,NA,NA,NA,NA,NA,26,26,NA,24,24,23,NA,27,24,NA,23,24,24,23,25,27,21,21,0,8.1,8.1,4400,640,N,N,Y,Y,N,N,N,N,N,Y,N,Y,N,N,Y,N,Y,Y,N,Y
109,Singapore Marriott Tang Plaza Hotel (SG Clean Certified),Hotel,400,365,365,NA,NA,388,483,365,341,365,341,365,365,NA,365,377,377,341,NA,NA,NA,400,NA,377,365,365,NA,483,NA,NA,5,8.5,8.7,2200,110,N,N,Y,Y,Y,Y,Y,N,N,Y,Y,Y,N,N,N,N,Y,N,N,Y
110,RedDoorz Premium @ Balestier (SG Clean Certified),Hotel,99,98,NA,NA,NA,NA,NA,NA,93,NA,93,NA,NA,NA,NA,88,87,90,85,NA,NA,NA,93,97,95,96,100,NA,88,81,3,7.7,7.9,3900,860,N,N,N,N,N,N,N,N,N,N,Y,N,N,N,N,N,Y,Y,N,Y
111,Hotel 81 Balestier,Hotel,85,66,66,NA,NA,85,NA,NA,NA,NA,NA,NA,85,85,85,66,NA,NA,NA,85,85,85,75,75,75,75,94,94,94,75,2,6.5,6.5,3500,1000,N,N,Y,Y,N,N,Y,N,N,N,Y,Y,N,N,N,Y,Y,Y,N,Y
112,Hotel 81 Princess (SG Clean Certified),Hotel,76,57,57,57,NA,NA,NA,NA,NA,57,NA,57,76,NA,NA,NA,57,NA,NA,76,76,NA,NA,57,NA,NA,76,76,76,NA,2,6.7,6.7,4200,710,N,N,Y,Y,N,N,Y,N,N,N,Y,Y,Y,N,N,Y,Y,Y,Y,Y
113,Hotel 81 Kovan,Hotel,104,75,75,NA,NA,104,NA,113,NA,NA,NA,NA,104,NA,113,NA,NA,NA,NA,104,104,113,NA,NA,NA,NA,104,104,113,75,2,6.5,6.7,8000,750,N,N,Y,Y,N,N,Y,N,N,Y,Y,Y,N,N,N,Y,Y,Y,N,Y
114,New Cape Inn,Hotel,NA,106,NA,NA,NA,NA,NA,NA,106,106,106,106,NA,NA,106,106,106,106,106,NA,NA,106,106,106,106,106,106,NA,106,NA,3,7.0,7.0,1500,810,N,N,N,Y,N,N,N,N,N,Y,Y,N,N,N,N,Y,Y,Y,Y,N
115,"The Vagabond Club, Singapore, a Tribute Portfolio Hotel",Hotel,NA,219,NA,NA,NA,219,219,219,NA,219,NA,NA,219,NA,NA,NA,219,NA,NA,NA,219,219,NA,219,NA,NA,NA,219,219,219,5,8.7,9.4,2300,370,N,N,N,N,Y,N,Y,Y,N,Y,Y,Y,N,N,N,Y,Y,Y,N,Y
116,VIP Hotel,Hotel,NA,129,NA,NA,NA,109,109,99,NA,NA,NA,NA,99,NA,NA,NA,99,NA,NA,NA,NA,99,NA,99,NA,NA,NA,99,99,NA,3,0.0,7.4,3100,530,Y,N,N,N,N,Y,Y,Y,Y,Y,Y,Y,Y,N,N,Y,Y,Y,Y,Y
117,ibis budget Singapore Pearl (SG Clean Certified),Hotel,NA,NA,NA,NA,NA,NA,79,79,NA,NA,NA,NA,NA,NA,NA,NA,NA,NA,NA,NA,NA,NA,NA,NA,NA,NA,NA,79,79,NA,2,7.3,7.5,4300,680,N,N,N,N,N,N,Y,N,N,Y,Y,N,N,N,N,Y,Y,Y,N,Y
118,K Hotel 12,Hotel,NA,65,NA,NA,NA,NA,NA,NA,NA,NA,NA,NA,84,NA,NA,65,NA,NA,65,84,84,84,65,NA,65,65,84,84,84,70,3,5.7,5.1,4200,680,N,N,N,N,N,N,Y,N,N,Y,Y,N,N,N,N,Y,Y,Y,N,Y
119,RedDoorz Hostel @ Little India,Hostel,NA,NA,NA,NA,NA,37,NA,NA,32,32,31,32,37,37,NA,32,32,32,31,37,37,32,31,32,32,32,37,37,32,32,2,7.3,7.2,2100,350,N,N,Y,Y,N,N,N,Y,N,N,N,Y,N,N,N,N,Y,N,N,N
120,GALLOP HILL TOP RESORT,Hotel,150,150,150,150,150,NA,NA,NA,150,150,150,150,NA,NA,150,150,150,150,150,150,150,150,150,150,150,150,150,150,NA,150,0,6.9,6.6,7500,380,N,N,Y,Y,N,Y,Y,N,N,Y,N,N,N,N,N,N,Y,Y,N,N
121,ibis budget Singapore Imperial (SG Clean Certified),Hotel,90,90,90,90,90,90,NA,89,89,89,89,89,89,NA,88,105,105,105,104,105,105,105,105,105,105,105,105,105,105,105,3,7.7,7.9,2800,260,N,N,N,N,N,Y,Y,N,N,Y,Y,Y,N,N,N,Y,Y,Y,N,Y
122,YMCA @ One Orchard,Hotel,92,92,92,92,92,NA,92,92,92,92,92,92,112,NA,112,92,92,92,92,NA,NA,92,92,92,92,92,NA,NA,92,92,3,8.0,7.9,800,270,N,N,N,N,Y,Y,Y,N,N,N,Y,Y,N,N,N,N,Y,N,N,N
123,Executive Master Bedroom with Nature Environment,Hotel,82,79,79,82,79,NA,NA,80,79,79,79,80,NA,NA,87,88,79,80,78,81,NA,79,79,81,81,79,79,NA,80,79,0,5.3,4.7,NA,1800,Y,N,N,N,N,N,Y,Y,N,N,N,N,N,N,N,N,Y,Y,Y,N
124,Diamond Hotel,Hotel,74,74,74,74,74,74,74,74,74,74,74,74,74,74,74,74,74,74,74,74,74,74,74,74,74,74,74,74,74,NA,1,0.0,5.9,4500,550,N,N,N,N,N,N,Y,N,N,Y,Y,Y,N,N,N,Y,Y,Y,Y,N
125,CUBE Family Boutique Capsule Hotel @ Chinatown (SG Clean Certified),Hotel,274,116,NA,NA,NA,136,133,137,NA,NA,NA,NA,134,NA,NA,NA,114,NA,NA,NA,NA,137,NA,118,NA,NA,NA,138,127,116,3,7.7,7.8,930,230,N,N,N,N,N,N,N,Y,N,Y,Y,Y,N,N,N,N,Y,N,N,N
126,Atlantis Pods @ Chinatown,Capsule hotel,31,31,31,31,31,34,34,31,31,31,31,31,34,34,31,31,31,31,31,34,34,31,31,31,31,31,34,34,31,31,2,8.4,8.0,820,150,N,N,Y,Y,N,N,N,N,N,Y,Y,Y,N,N,Y,N,Y,Y,Y,Y
127,Fragrance Hotel - Oasis (SG Clean Certified),Hotel,79,79,79,79,79,79,NA,79,79,79,79,79,79,NA,79,79,79,79,79,79,79,79,79,79,79,79,79,79,79,79,2,7.2,7.5,3900,760,N,N,N,N,N,N,Y,N,N,Y,Y,Y,N,N,N,Y,Y,Y,N,N
128,Jayleen Clarke Quay Hotel (SG Clean Certified),Hotel,109,108,106,109,106,108,NA,109,106,108,106,109,106,108,105,108,106,109,105,109,107,109,106,109,108,109,106,109,107,108,3,7.8,7.5,230,100,N,N,Y,Y,N,N,Y,Y,N,Y,Y,Y,N,N,N,N,Y,Y,N,Y
129,Atlantis Pods @ Little India,Hostel,32,32,32,32,32,37,37,32,32,32,NA,32,37,NA,32,32,32,25,NA,32,32,25,25,NA,25,25,32,NA,25,NA,2,7.9,7.7,3100,520,N,N,Y,Y,N,N,N,N,N,N,Y,Y,N,N,N,N,Y,Y,Y,N
130,Q Loft Hotels@Geylang,Hotel,78,77,91,88,86,91,89,68,63,63,63,63,68,68,62,63,77,NA,NA,92,92,88,72,63,63,63,81,78,73,73,3,7.3,7.1,5300,580,N,N,N,Y,N,N,Y,Y,N,Y,Y,Y,N,N,N,Y,Y,Y,Y,N
131,Jayleen 1918 Hotel (SG Clean Certified),Hotel,143,142,140,145,139,NA,NA,142,139,141,139,142,NA,NA,138,141,139,144,138,144,NA,143,140,144,142,143,140,NA,141,141,3,7.5,7.1,340,170,N,N,Y,Y,N,N,Y,Y,N,Y,Y,Y,N,N,N,N,Y,N,N,Y
132,5footway.inn Project Chinatown,Hostel,22,27,27,27,22,22,22,22,22,22,22,22,22,22,22,22,22,22,22,22,22,22,22,22,22,22,22,22,22,NA,2,7.7,7.2,830,150,N,N,N,N,N,N,N,N,N,N,N,Y,N,N,N,N,Y,Y,N,Y
133,Bond Boutique Capsule Hotel,Hostel,25,25,25,25,25,33,33,25,25,25,25,25,33,31,24,24,24,24,24,31,31,24,24,24,24,24,31,31,24,24,2,8.2,8.0,1900,320,N,N,N,N,N,N,Y,Y,N,N,Y,N,N,N,Y,N,Y,Y,Y,Y
134,Hotel Clover The Arts,Hotel,117,117,117,117,117,117,117,117,128,128,128,129,128,128,127,128,128,129,125,129,129,117,120,121,121,99,120,121,121,98,4,7.9,8.2,370,210,N,N,N,N,N,N,N,N,N,Y,Y,Y,N,N,N,Y,Y,Y,Y,N
135,Hotel 81 Osaka,Hotel,113,94,94,94,94,113,113,113,94,94,NA,94,113,113,113,94,94,NA,NA,113,113,113,94,NA,94,94,113,113,113,NA,2,7.1,7.7,1500,620,N,N,Y,Y,N,N,Y,N,N,Y,Y,Y,N,N,N,Y,Y,Y,N,Y
136,ibis budget Singapore Mount Faber (SG Clean Certified),Hotel,89,88,87,89,87,88,86,89,87,88,87,89,87,88,86,88,87,NA,NA,89,88,89,87,NA,104,105,103,105,104,104,2,6.8,7.2,4300,470,N,N,Y,Y,N,N,Y,N,N,Y,Y,Y,N,N,N,Y,Y,Y,N,N
137,ZEN Rooms Clarke Quay,Hotel,119,118,116,120,116,118,115,119,116,118,NA,119,116,118,115,118,116,NA,NA,120,117,119,116,NA,118,119,116,120,117,NA,3,7.6,7.3,350,180,N,N,N,N,N,N,Y,N,N,Y,Y,N,N,N,N,Y,Y,Y,N,Y
138,Campbell Inn,Hostel,19,19,19,19,19,19,19,19,19,19,19,19,19,19,19,19,19,19,19,19,19,19,19,NA,19,19,19,19,19,19,0,6.9,6.3,1800,160,N,N,Y,Y,N,N,N,N,N,Y,N,Y,N,N,N,N,Y,N,N,N
139,Asphodel Inn,Hotel,92,92,90,93,90,91,88,92,90,91,NA,92,105,107,104,NA,90,NA,NA,93,91,92,89,NA,92,92,89,93,91,NA,2,6.6,6.5,3000,480,N,Y,Y,Y,N,N,Y,N,N,Y,Y,Y,N,N,N,Y,Y,Y,Y,Y
140,Fragrance Hotel - Ocean View (SG Clean Certified),Hotel,130,130,130,130,130,130,130,130,130,130,NA,130,130,130,130,NA,130,NA,NA,130,130,130,130,NA,130,130,130,130,130,NA,2,6.2,6.3,8700,1800,N,N,Y,Y,N,N,N,N,N,Y,Y,Y,N,N,N,Y,Y,Y,N,Y
141,Perak Hotel,Hotel,95,93,92,95,92,92,91,93,92,92,NA,NA,92,92,91,NA,92,NA,NA,95,93,93,92,NA,94,93,92,95,93,NA,3,7.5,7.9,1800,170,N,N,N,N,N,N,Y,Y,N,Y,Y,Y,N,N,N,Y,Y,Y,N,Y
142,Greendili Backpackers Hostel,Hostel,21,21,21,21,21,21,20,20,20,20,NA,20,20,NA,20,NA,20,NA,NA,20,20,20,20,NA,20,20,20,NA,20,NA,2,6.7,6.4,3100,560,Y,Y,Y,Y,N,N,N,N,N,N,N,Y,N,N,Y,N,Y,N,N,N
143,The Pod @ Beach Road Boutique Capsule Hotel (SGClean Certified),Capsule hotel,51,44,44,44,51,58,58,51,44,44,44,51,58,58,51,44,44,NA,NA,58,58,51,44,NA,44,51,58,58,51,44,2,8.5,8.6,1900,370,N,N,N,N,N,N,Y,N,N,Y,Y,Y,N,N,N,N,Y,Y,N,N
144,Traveller@SG Hostel,Hostel,21,21,20,21,21,21,21,21,21,20,NA,21,21,21,21,21,20,NA,NA,21,21,21,21,NA,21,21,21,21,21,21,1,7.8,7.6,2800,360,N,N,Y,Y,N,N,Y,Y,N,Y,Y,Y,N,N,Y,N,Y,Y,N,Y
145,"Park View Hotel (SG Clean, Staycation Approved)",Hotel,127,127,127,127,127,138,138,127,127,127,NA,127,148,NA,127,127,127,NA,NA,138,138,127,127,NA,127,127,138,138,127,NA,3,7.4,7.4,1300,420,N,N,N,N,N,N,N,N,Y,N,Y,Y,N,N,N,N,Y,N,N,N
146,Dream Lodge,Hostel,39,39,39,39,39,41,41,39,39,39,NA,39,41,41,39,NA,39,NA,NA,41,41,39,39,NA,39,39,41,41,39,NA,2,9.3,9.5,2900,280,N,N,N,Y,N,N,Y,N,N,Y,N,Y,N,N,N,N,Y,Y,Y,N
147,OSS Backpackers Hostel,Hostel,25,25,21,21,21,21,21,21,21,21,NA,21,21,21,21,21,21,NA,NA,21,21,21,21,NA,21,21,20,20,19,19,1,8.2,8.1,2800,350,N,N,N,N,N,N,N,N,N,Y,Y,Y,N,N,N,N,Y,Y,N,Y
148,Sandpiper Hotel (SG Clean Certified),Hotel,76,73,73,76,73,73,72,74,73,73,73,74,73,73,72,73,73,75,72,75,75,74,73,NA,76,74,73,76,75,73,3,6.2,6.4,1800,190,N,N,Y,Y,N,N,Y,Y,N,Y,Y,Y,N,N,N,Y,Y,Y,N,Y
149,Fragrance Hotel - Balestier (SG Clean Certified),Hotel,120,110,111,89,89,89,NA,89,89,89,90,89,90,90,90,79,79,79,90,89,90,90,90,111,101,101,101,101,101,NA,2,7.2,7.3,3600,990,N,N,Y,Y,N,N,N,N,N,Y,Y,Y,N,N,N,Y,Y,Y,N,Y
150,Mori Hostel Singapore,Hostel,21,21,21,21,21,21,21,21,21,21,NA,NA,21,21,21,NA,21,NA,NA,21,21,21,21,NA,21,21,21,21,21,NA,0,6.6,6.0,3100,570,N,N,Y,Y,N,N,Y,Y,N,N,Y,Y,N,N,N,N,Y,N,Y,N
151,The Hive Singapore Hostel,Hostel,22,22,22,22,22,22,22,22,22,22,NA,22,22,22,22,22,22,NA,NA,22,22,22,22,NA,22,22,22,22,22,22,1,8.1,7.7,3100,530,N,N,Y,Y,N,N,Y,N,N,N,N,Y,N,N,Y,N,Y,Y,N,Y
152,K2 Guest House,Hotel,66,66,66,66,66,66,66,66,66,81,NA,NA,140,140,140,NA,140,NA,NA,140,140,113,74,NA,74,74,74,74,74,NA,0,0.0,7.7,6800,600,N,N,N,N,N,N,Y,Y,N,Y,N,Y,N,N,N,N,Y,Y,Y,N
153,Hipstercity Hostel,Hostel,67,66,65,66,67,68,94,93,NA,91,NA,NA,94,NA,93,92,NA,NA,NA,94,NA,NA,NA,NA,NA,NA,NA,NA,NA,NA,2,0.0,9.0,410,270,N,N,N,N,N,N,N,Y,N,N,N,Y,N,N,N,N,Y,Y,Y,Y
154,Hotel 81 Lucky (SG Clean Certified),Hotel,80,60,60,60,60,80,80,80,60,60,NA,60,80,NA,80,NA,60,NA,NA,80,80,80,60,NA,60,60,NA,NA,NA,NA,2,0.0,6.6,4500,530,N,N,Y,Y,N,N,Y,N,N,N,Y,Y,N,N,N,Y,Y,Y,N,Y
155,Marrison Hotel (SG Clean Certified),Hotel,103,103,103,103,103,103,102,103,103,103,NA,NA,103,103,102,NA,103,NA,NA,103,103,103,103,NA,103,103,103,103,103,103,3,6.9,7.1,1400,380,N,N,N,N,N,N,Y,N,N,Y,Y,Y,N,N,N,Y,Y,Y,Y,Y
156,Vintage Inn Boutique Capsule @ Little India,Hostel,33,33,33,33,33,NA,38,33,NA,33,NA,NA,38,NA,33,NA,NA,NA,NA,NA,NA,33,NA,NA,33,33,NA,NA,33,NA,2,7.7,7.5,2100,320,N,N,Y,Y,N,N,Y,N,N,N,N,Y,N,N,N,N,Y,Y,N,Y
157,ZEN Rooms Orchard,Hotel,174,174,174,174,174,174,174,174,174,174,NA,NA,174,174,174,NA,174,NA,NA,174,174,174,174,NA,174,174,174,174,174,NA,4,7.4,7.8,3400,780,N,N,N,N,Y,N,Y,N,N,Y,Y,Y,N,N,N,Y,Y,Y,N,Y
158,Fragrance Hotel - Lavender (SG Clean Certified),Hotel,111,111,111,111,111,111,111,111,NA,111,NA,NA,111,NA,111,NA,NA,NA,NA,111,111,111,NA,NA,111,111,111,NA,111,NA,2,6.2,6.2,2800,290,N,N,Y,Y,N,N,Y,N,N,Y,Y,Y,N,N,N,Y,Y,Y,N,Y
159,Wanderloft Capsule Hostel,Capsule hotel,30,30,30,30,30,NA,38,22,22,22,22,22,28,28,22,22,22,22,22,28,28,22,22,22,22,22,28,28,22,NA,2,7.7,7.8,420,240,N,N,N,N,N,N,Y,N,N,N,N,Y,N,N,Y,N,Y,Y,Y,N
160,RedDoorz Hostel @ Clarke Quay,Hostel,23,23,23,23,23,28,28,23,NA,23,NA,NA,28,NA,23,NA,NA,NA,NA,28,NA,23,NA,NA,23,NA,NA,NA,NA,NA,2,0.0,7.7,360,150,N,N,N,N,N,N,Y,N,N,N,Y,N,N,N,N,N,Y,N,N,N
161,BEAT. Sports Hostel,Hostel,24,24,24,24,24,27,26,24,NA,24,NA,NA,28,NA,24,NA,24,NA,NA,29,28,24,24,NA,24,24,27,NA,24,NA,2,7.8,7.5,2600,560,N,N,N,N,Y,Y,Y,Y,N,N,N,Y,N,N,Y,N,Y,Y,Y,Y
162,Royal Hostel Singapore,Hostel,31,30,30,31,31,30,29,31,NA,30,NA,NA,31,NA,29,NA,NA,NA,NA,31,31,27,NA,NA,27,27,30,NA,27,NA,2,7.9,7.8,850,160,N,N,Y,N,N,N,N,N,N,N,N,Y,N,N,Y,N,Y,Y,Y,Y
163,Snooze Inn @Dickson Road,Hostel,24,24,24,24,24,24,24,24,NA,24,NA,NA,24,NA,24,NA,NA,NA,NA,24,24,24,NA,NA,24,NA,24,NA,24,NA,1,7.7,7.4,1800,190,N,N,Y,N,N,N,N,N,N,Y,Y,Y,N,N,N,N,Y,Y,N,N
164,Spacepod@SG,Hostel,27,27,27,27,27,27,27,27,NA,27,NA,NA,27,NA,27,NA,NA,NA,NA,27,27,27,NA,NA,27,27,27,NA,NA,NA,2,0.0,8.4,3700,140,N,N,Y,Y,N,N,Y,N,N,N,N,N,Y,N,N,N,Y,Y,N,N
165,Fragrance Hotel - Viva (SG Clean Certified),Hotel,117,117,117,117,117,117,117,117,NA,117,NA,NA,117,NA,117,117,NA,NA,NA,117,117,NA,NA,NA,NA,NA,117,NA,NA,117,2,6.7,6.8,4300,470,N,N,Y,Y,N,N,Y,N,N,Y,Y,Y,N,N,N,Y,Y,Y,N,Y
166,Hotel Clover 7,Hotel,99,99,99,99,99,99,99,99,NA,99,NA,NA,99,NA,99,NA,NA,NA,NA,99,99,99,NA,NA,93,93,93,NA,93,NA,3,8.1,8.6,350,160,N,N,N,N,N,N,N,N,N,Y,Y,Y,N,N,N,Y,Y,Y,Y,Y
167,"The InnCrowd Backpackers' Hostel, Singapore",Hostel,20,20,20,20,20,20,20,20,NA,20,NA,NA,20,NA,20,NA,NA,NA,NA,20,20,NA,NA,NA,20,NA,NA,NA,NA,NA,1,8.1,7.5,1800,180,Y,N,Y,Y,N,N,Y,Y,N,N,Y,N,N,N,N,N,Y,N,N,N
168,Drop Inn Singapore,Hostel,26,26,26,26,26,30,30,26,NA,26,NA,NA,30,NA,26,NA,NA,NA,NA,30,30,NA,NA,NA,26,NA,30,NA,26,NA,1,6.9,6.5,3100,440,Y,N,Y,Y,N,N,Y,Y,N,Y,N,Y,N,N,N,N,Y,Y,N,Y
169,ibis budget Singapore Selegie (SG Clean),Hotel,95,95,95,95,95,95,95,95,NA,95,NA,NA,94,NA,93,NA,NA,NA,NA,95,95,95,NA,NA,95,95,94,NA,95,95,3,7.8,7.9,1500,270,N,N,N,N,N,Y,Y,N,N,Y,Y,Y,N,N,N,Y,Y,Y,N,N
170,Fragrance Hotel - Classic (SG Clean Certified),Hotel,95,95,95,95,95,NA,95,95,NA,95,NA,NA,95,NA,95,95,NA,NA,NA,NA,NA,NA,NA,NA,NA,NA,NA,NA,NA,NA,2,0.0,7.2,3900,810,N,N,Y,Y,N,N,N,N,N,Y,Y,Y,N,N,N,Y,Y,Y,N,Y
171,Blue Jazz Hostel,Hostel,22,22,22,22,22,NA,22,22,NA,22,NA,NA,NA,NA,20,20,NA,NA,NA,NA,NA,NA,NA,NA,NA,NA,NA,NA,20,NA,1,6.9,6.4,2500,530,N,N,Y,Y,N,N,Y,N,N,Y,N,Y,N,N,N,N,Y,Y,N,N
172,ZEN Rooms Bukit Merah,Hotel,112,111,109,113,109,NA,134,112,NA,110,NA,NA,135,NA,107,111,NA,NA,NA,NA,NA,NA,NA,NA,NA,NA,NA,NA,NA,111,3,7.1,7.3,2900,1000,N,N,N,N,Y,N,Y,N,N,Y,Y,N,N,N,N,N,Y,Y,N,Y
173,Cube Boutique Capsule Hotel @ Chinatown (SG Clean Certified),Capsule hotel,84,84,84,84,84,NA,90,84,NA,84,NA,NA,90,NA,82,84,NA,NA,NA,90,NA,NA,NA,NA,73,73,79,NA,73,NA,2,8.8,8.7,920,220,N,N,N,N,N,N,N,Y,N,Y,Y,Y,N,N,N,N,Y,Y,N,Y
174,BEAT. Capsule Hostel @ Boat Quay,Hostel,46,NA,46,46,46,NA,NA,46,NA,46,NA,NA,NA,NA,46,46,NA,NA,NA,56,NA,NA,NA,NA,NA,NA,56,NA,NA,NA,2,8.4,8.3,510,350,N,N,N,N,N,N,N,N,N,N,N,Y,N,N,Y,N,Y,N,N,N
175,ZEN Rooms Arab Street,Hotel,122,NA,122,122,122,NA,121,122,NA,122,NA,NA,122,NA,NA,122,NA,NA,NA,122,NA,NA,122,NA,NA,NA,NA,NA,NA,122,3,7.0,6.7,1900,340,N,N,N,N,N,N,Y,N,N,Y,Y,N,N,N,N,Y,Y,Y,N,Y
176,Capsule Pod Boutique Hostel,Capsule hotel,48,NA,48,48,48,NA,NA,48,NA,NA,NA,NA,56,NA,NA,48,NA,NA,NA,56,NA,NA,NA,NA,NA,NA,56,NA,NA,NA,2,8.5,8.8,740,120,N,N,N,N,N,N,Y,N,N,Y,N,Y,N,N,N,N,Y,Y,Y,Y
177,BudgetOne Hotel,Hotel,116,62,62,65,62,65,97,113,62,62,62,63,NA,NA,110,62,62,63,61,67,100,NA,62,64,64,63,65,NA,NA,62,2,6.5,6.4,4500,520,N,N,Y,Y,N,N,Y,N,N,N,Y,N,N,N,N,N,Y,Y,N,Y
178,Gap Year Hostel,Hostel,24,NA,24,24,24,NA,NA,28,NA,NA,NA,NA,NA,NA,NA,28,28,28,28,29,NA,NA,28,28,28,28,29,NA,28,28,1,7.5,7.1,3100,460,N,N,Y,Y,N,N,N,Y,N,N,N,Y,N,N,N,N,Y,N,N,N
179,Snooze Inn @ Dunlop Street,Hostel,20,NA,20,20,20,NA,20,20,NA,NA,NA,NA,NA,NA,NA,20,20,NA,20,NA,NA,NA,20,20,20,20,NA,NA,20,20,1,6.6,6.0,1800,180,Y,Y,Y,N,N,N,Y,Y,N,Y,Y,Y,N,N,Y,N,Y,N,N,N
180,ZEN Rooms People's Park Complex,Hotel,123,NA,120,123,119,NA,126,123,NA,NA,NA,NA,NA,NA,NA,122,NA,NA,NA,NA,NA,NA,119,NA,NA,123,NA,NA,NA,123,3,7.8,7.8,750,80,N,N,N,N,N,N,Y,Y,N,Y,N,Y,N,N,N,Y,Y,Y,Y,Y
181,Royal Lodge @ Pagoda Street,Hostel,27,NA,27,27,27,NA,NA,27,NA,NA,NA,NA,29,NA,NA,25,NA,NA,NA,29,NA,NA,25,25,NA,25,29,NA,27,25,2,8.3,7.8,810,120,N,N,N,N,N,N,N,N,N,Y,N,Y,N,N,N,N,Y,N,N,N
182,the11room,Capsule hotel,44,NA,48,48,48,NA,44,44,48,48,48,NA,NA,NA,NA,48,48,48,48,NA,NA,44,48,48,48,48,44,NA,44,45,2,8.5,8.6,3700,180,N,N,N,N,N,N,Y,N,N,N,Y,Y,N,N,Y,N,Y,Y,Y,N
183,RedDoorz Hostel near Race Course Road,Hostel,32,NA,32,32,32,NA,NA,32,NA,NA,NA,NA,NA,NA,NA,32,32,NA,32,38,NA,NA,32,32,NA,32,38,NA,NA,32,2,7.3,6.9,2100,350,N,N,N,N,N,N,N,Y,N,N,N,N,N,N,N,N,Y,Y,N,N
184,The Amazing Inn,Hotel,98,NA,78,78,78,NA,91,91,NA,NA,NA,NA,NA,NA,NA,73,73,NA,73,NA,NA,NA,73,73,73,73,91,NA,91,73,2,6.2,5.2,4400,630,N,N,N,N,N,N,Y,N,N,N,Y,N,N,N,N,N,Y,Y,N,Y
185,Vintage Inn @ Clarke Quay,Hostel,23,NA,23,23,23,NA,NA,23,23,NA,NA,NA,NA,NA,NA,23,23,23,23,27,NA,23,23,23,23,23,27,NA,23,23,1,7.8,7.7,370,160,N,N,N,N,N,N,Y,N,N,Y,N,N,N,N,N,N,Y,N,N,N
186,Beary Best! Chinatown,Hostel,30,NA,30,30,NA,NA,NA,NA,30,30,30,30,30,NA,NA,30,30,30,30,30,30,30,30,30,30,30,30,NA,30,30,2,8.2,7.9,770,190,N,N,N,N,N,N,Y,Y,N,Y,Y,Y,N,N,Y,N,Y,Y,N,N
187,ZEN Hostel Clarke Quay,Hostel,36,NA,35,NA,NA,NA,NA,NA,36,35,35,NA,NA,NA,NA,36,36,36,35,36,NA,36,NA,NA,NA,NA,NA,NA,NA,NA,1,7.9,6.2,350,150,N,N,N,N,N,N,Y,Y,N,Y,N,Y,N,N,N,N,Y,Y,N,N
188,Metropolitan YMCA Singapore,Hotel,221,NA,217,NA,NA,NA,NA,177,NA,175,NA,NA,NA,NA,NA,175,170,179,169,179,NA,177,171,178,174,177,171,NA,172,175,4,7.6,7.7,3600,410,N,N,Y,Y,Y,Y,Y,N,N,N,Y,Y,N,N,N,Y,Y,Y,N,Y
189,Pine Hostel @ Lavender,Hostel,40,NA,40,NA,NA,NA,NA,NA,47,47,40,40,40,NA,40,40,47,47,47,47,40,40,47,40,40,40,47,47,47,40,2,8.0,7.6,2800,370,N,N,N,N,N,N,N,N,N,N,Y,Y,N,N,N,N,Y,N,N,N
190,Comfy Studio 6 by ReCharge,Entire apartment,305,NA,NA,NA,NA,NA,NA,NA,305,305,305,305,325,NA,305,305,305,305,305,325,325,305,305,305,305,305,325,325,305,305,3,6.6,7.5,NA,NA,N,N,N,N,N,N,Y,N,N,N,N,N,N,N,Y,N,N,Y,N,N
191,ZEN Rooms Boat Quay,Boat/cruise,161,161,161,NA,161,174,NA,161,161,161,161,161,174,NA,161,NA,161,161,161,174,174,161,161,161,161,161,174,174,161,161,3,8.4,8.0,440,250,N,N,N,N,N,N,N,N,N,Y,Y,Y,N,N,N,Y,Y,Y,N,N
192,River City Inn,Hostel,31,31,31,31,31,NA,NA,31,31,31,31,31,31,NA,31,31,31,31,31,31,31,31,31,31,31,31,31,31,31,31,1,8.4,8.3,340,130,N,N,Y,Y,N,N,Y,N,N,N,N,Y,N,N,N,N,Y,N,N,Y
193,ZEN Hostel Race Course Rd,Hotel,41,41,40,41,41,NA,NA,NA,41,41,40,41,41,NA,40,41,41,41,40,41,41,41,40,41,41,41,40,41,41,41,1,7.9,8.3,3000,560,N,N,N,N,N,N,N,N,N,Y,N,Y,N,N,N,N,Y,Y,N,N
194,Seng Wah Hotel,Hotel,140,NA,NA,NA,NA,NA,NA,132,112,112,108,108,132,NA,140,108,108,108,112,140,132,132,108,108,108,112,140,140,132,108,2,5.5,5.3,4700,450,N,N,N,N,N,N,Y,N,N,N,Y,N,N,N,N,N,Y,N,N,N
195,Backpacker's Hostel @ The Little Red Dot,Hostel,23,23,23,23,23,23,NA,22,22,22,22,22,22,NA,22,22,22,22,22,22,22,22,22,22,22,22,22,22,22,22,1,7.6,7.1,2900,230,N,N,N,N,N,N,N,Y,N,Y,N,Y,N,N,N,N,Y,N,N,N
196,Joyfor Backpacker Hostel Kallang (SG Clean),Hostel,NA,23,23,23,23,NA,NA,23,23,23,23,23,NA,26,23,23,23,23,23,NA,26,23,23,23,23,23,NA,NA,23,23,1,7.4,6.6,3800,280,N,N,N,N,N,N,Y,Y,N,N,N,Y,N,N,N,N,Y,N,N,N
197,Backpacker Cozy Corner Guesthouse,Hostel,NA,64,64,NA,64,64,NA,64,NA,64,NA,64,NA,64,NA,64,NA,NA,NA,64,64,NA,NA,NA,64,NA,64,64,64,NA,0,8.3,7.8,1400,270,Y,N,N,N,N,N,N,N,N,Y,Y,N,N,N,N,N,Y,N,N,N
198,Urban Hostel,Hostel,NA,NA,NA,NA,NA,NA,NA,NA,NA,NA,NA,NA,NA,NA,NA,38,NA,NA,NA,NA,NA,NA,NA,NA,NA,NA,NA,NA,NA,NA,0,0.0,5.6,4900,230,N,N,N,N,N,N,Y,N,N,N,Y,Y,N,N,N,N,Y,N,N,Y
199,Hotel NuVe Heritage - SG Clean Certified,Hotel,NA,163,NA,163,163,NA,185,NA,NA,168,NA,NA,NA,181,167,168,NA,NA,NA,NA,181,NA,NA,NA,167,NA,NA,178,NA,NA,4,8.3,8.5,1200,360,N,N,N,Y,N,N,Y,Y,N,Y,Y,Y,N,N,N,N,Y,Y,N,N
200,Value Hotel Thomson,Hotel,NA,75,NA,75,75,NA,NA,NA,NA,75,NA,NA,NA,NA,75,75,NA,NA,NA,NA,NA,NA,NA,NA,75,NA,NA,NA,75,75,3,6.8,7.2,4000,720,N,N,Y,Y,Y,Y,Y,N,N,Y,Y,Y,N,N,N,Y,Y,Y,Y,Y
201,Changi Cove,Hotel,NA,168,NA,183,NA,185,NA,NA,183,NA,183,183,NA,222,194,187,NA,NA,NA,NA,NA,NA,199,NA,197,NA,NA,NA,NA,NA,4,8.0,8.6,3500,3000,N,N,N,N,N,N,Y,N,N,Y,Y,Y,N,N,N,Y,Y,Y,Y,N
202,Andaz Singapore - A Concept by Hyatt (SG Clean Certified),Hotel,NA,435,NA,459,NA,518,NA,471,459,471,447,459,541,NA,471,447,447,447,447,541,NA,459,459,459,518,435,483,NA,435,459,5,9.1,9.5,1600,270,N,N,Y,Y,Y,Y,Y,Y,N,Y,Y,Y,N,N,N,Y,Y,Y,Y,Y
203,Porcelain Hotel by JL Asia (SG Clean Certified),Hotel,NA,68,NA,71,NA,NA,NA,NA,NA,65,NA,NA,NA,NA,64,66,NA,NA,NA,NA,NA,NA,NA,NA,67,NA,NA,NA,66,65,3,7.3,7.5,790,100,N,N,N,N,N,N,Y,Y,N,Y,Y,Y,N,N,N,Y,Y,Y,Y,Y
204,Q Loft Hotels@Mackenzie,Hotel,NA,75,NA,77,NA,73,NA,NA,NA,71,NA,81,59,66,NA,59,NA,80,57,61,NA,NA,66,NA,80,79,77,75,NA,NA,3,7.2,7.2,1600,190,N,N,Y,Y,N,N,Y,N,N,Y,Y,Y,N,N,N,Y,Y,Y,Y,Y
205,Sofitel Singapore City Centre (SG Clean Certified),Hotel,NA,345,NA,345,NA,371,NA,371,345,345,345,345,413,477,371,345,345,345,345,413,NA,371,345,345,345,345,413,477,371,345,5,9.2,9.6,1500,120,N,N,N,N,Y,Y,Y,Y,N,Y,Y,Y,Y,N,N,Y,Y,Y,Y,Y
206,Sheraton Towers Singapore (SG Clean Certified),Hotel,NA,218,NA,218,NA,230,NA,NA,NA,218,NA,NA,230,230,218,265,NA,NA,NA,230,NA,NA,NA,NA,194,NA,230,230,NA,NA,5,8.2,8.6,2600,260,N,N,Y,Y,Y,Y,Y,Y,N,Y,Y,Y,Y,N,N,Y,Y,Y,N,N
207,Oakwood Premier AMTD Singapore,Hotel,NA,282,NA,282,NA,319,NA,310,241,241,241,241,310,328,310,291,291,NA,NA,310,NA,310,274,274,274,274,319,328,310,274,5,9.0,9.3,1500,250,N,N,N,N,Y,Y,Y,Y,N,Y,Y,Y,N,N,Y,Y,Y,Y,Y,Y
208,Ramada by Wyndham Singapore at Zhongshan Park (SG Clean Certified),Hotel,NA,208,NA,218,NA,NA,NA,NA,NA,208,NA,NA,208,258,238,220,NA,NA,NA,208,NA,NA,NA,NA,218,NA,NA,NA,NA,NA,4,8.1,8.6,4100,600,N,N,Y,Y,Y,Y,Y,Y,N,Y,Y,Y,N,N,N,Y,Y,Y,Y,Y
209,Champion Hotel City,Hotel,NA,75,NA,77,NA,NA,77,NA,NA,101,NA,NA,NA,NA,72,75,NA,NA,NA,NA,NA,NA,NA,NA,75,NA,NA,NA,NA,NA,3,8.3,8.3,380,170,N,N,Y,Y,N,N,Y,Y,N,Y,Y,Y,N,N,N,Y,Y,Y,Y,Y
210,York Hotel (SG Clean Certified),Hotel,NA,179,NA,182,NA,NA,NA,NA,NA,179,NA,NA,NA,179,170,178,NA,NA,NA,NA,NA,NA,NA,NA,175,NA,NA,NA,173,178,4,7.7,7.9,2200,500,N,N,Y,Y,Y,Y,Y,N,N,Y,Y,Y,N,N,N,Y,Y,Y,Y,N
211,five/6 Hotel Splendour (SG Clean Certified),Hotel,NA,114,NA,114,NA,141,NA,NA,NA,107,NA,NA,NA,NA,116,107,NA,NA,NA,NA,NA,NA,NA,NA,107,NA,NA,NA,116,107,4,8.2,8.6,4000,600,N,N,Y,Y,N,N,Y,Y,N,Y,Y,Y,N,N,N,Y,Y,Y,Y,Y
212,Nostalgia Hotel (SG Clean Certified),Hotel,NA,111,NA,114,NA,NA,108,NA,NA,111,NA,NA,NA,NA,108,111,NA,NA,NA,NA,NA,NA,NA,NA,103,NA,NA,NA,102,102,4,8.1,8.5,1600,740,N,N,N,N,N,Y,N,N,N,Y,Y,Y,N,N,N,Y,Y,Y,Y,Y
213,Villa Samadhi Singapore by Samadhi,Resort villa,NA,357,NA,365,NA,355,NA,357,348,355,351,357,289,555,288,293,336,350,334,349,NA,346,338,347,343,346,338,347,NA,342,5,8.5,8.8,5600,430,N,N,N,N,N,N,Y,Y,Y,Y,Y,Y,N,N,N,Y,Y,Y,N,Y
214,ONE15 Marina Sentosa Cove Singapore (SG Clean Certified),Resort,NA,433,307,324,304,NA,NA,317,NA,316,345,410,NA,NA,525,266,304,323,NA,NA,NA,427,NA,427,NA,NA,NA,NA,NA,NA,5,8.1,8.2,5000,2300,N,N,Y,Y,Y,Y,Y,Y,N,Y,Y,Y,Y,N,N,N,Y,Y,Y,N
215,Crowne Plaza Changi Airport,Hotel,NA,447,259,259,259,294,NA,259,247,247,247,247,294,294,312,247,247,247,247,294,294,282,259,259,247,259,294,306,259,259,5,8.7,9.1,620,380,N,N,Y,Y,Y,Y,Y,N,N,Y,Y,Y,Y,N,N,N,Y,N,N,Y
216,Orchard Rendezvous Hotel by Far East Hospitality (SG Clean Certified),Hotel,NA,217,NA,217,NA,217,NA,NA,NA,217,NA,NA,238,238,238,217,NA,NA,NA,238,NA,NA,NA,NA,217,NA,238,238,217,217,4,7.9,7.8,2700,520,N,N,Y,Y,Y,Y,Y,N,N,Y,Y,Y,N,N,N,Y,Y,Y,Y,Y
217,Hotel Clover 769 North Bridge Road,Hotel,NA,136,NA,139,NA,NA,NA,NA,NA,135,NA,NA,NA,NA,133,135,NA,NA,NA,NA,NA,NA,NA,NA,128,NA,NA,NA,NA,NA,4,8.2,8.4,2100,500,N,N,N,N,N,N,Y,N,N,Y,Y,Y,N,N,N,Y,Y,Y,Y,N
218,Hotel Supreme,Hotel,NA,68,NA,69,NA,NA,NA,NA,NA,69,NA,NA,NA,NA,69,68,NA,NA,NA,NA,NA,NA,NA,NA,69,NA,NA,NA,69,69,3,6.4,6.3,1300,380,N,N,N,N,N,N,Y,N,N,N,Y,Y,N,N,N,Y,Y,Y,Y,N
219,Hotel Bencoolen @ Hong Kong Street (SG Clean Certified ),Hotel,NA,133,NA,137,NA,NA,NA,NA,NA,132,NA,NA,NA,NA,129,132,NA,NA,NA,NA,NA,185,NA,NA,163,NA,NA,NA,161,162,4,8.5,8.7,400,210,N,N,N,N,N,Y,Y,N,N,N,Y,Y,N,N,Y,N,Y,Y,Y,Y
220,The Keong Saik Hotel,Hotel,NA,73,NA,74,NA,NA,NA,NA,NA,73,NA,NA,NA,NA,70,73,NA,NA,NA,NA,NA,NA,NA,NA,84,NA,NA,NA,83,73,3,8.0,8.3,1200,260,N,N,Y,Y,N,N,Y,N,N,Y,N,Y,N,N,N,Y,Y,Y,N,Y
221,Venue Hotel,Hotel,NA,74,NA,74,NA,NA,NA,NA,NA,74,NA,NA,NA,NA,74,74,NA,NA,NA,NA,NA,NA,NA,NA,74,NA,NA,NA,74,74,3,7.3,7.6,6500,1100,N,N,Y,Y,N,N,Y,N,N,Y,Y,Y,N,N,N,Y,Y,Y,N,Y
222,J8 Hotel (SG Clean Certified),Hotel,NA,83,NA,86,NA,NA,NA,NA,NA,86,NA,NA,NA,NA,95,71,NA,NA,NA,NA,NA,NA,NA,NA,86,NA,NA,NA,95,86,3,7.6,8.0,2300,420,N,N,N,N,N,N,Y,N,N,N,Y,Y,N,N,N,N,Y,Y,N,N
223,Mayo Inn (Staycation Approved),Hotel,NA,84,NA,87,NA,NA,NA,NA,NA,84,NA,NA,NA,NA,82,85,NA,NA,NA,NA,NA,NA,NA,NA,85,NA,NA,NA,NA,NA,3,7.6,7.6,1700,170,N,N,Y,Y,N,N,N,Y,N,N,Y,N,N,N,N,N,Y,Y,N,Y
224,Venue Hotel The Lily,Hotel,NA,74,NA,74,NA,NA,NA,NA,NA,NA,NA,NA,93,NA,74,74,NA,74,74,NA,93,NA,NA,74,74,74,NA,93,74,74,3,7.6,8.1,6500,940,N,N,Y,Y,N,N,N,N,N,Y,Y,Y,N,N,N,Y,Y,Y,N,Y
225,The Great Madras,Hotel,NA,86,NA,97,NA,NA,NA,NA,NA,82,NA,NA,NA,NA,80,80,NA,NA,NA,NA,NA,NA,NA,NA,80,NA,NA,NA,NA,NA,4,7.4,7.3,1700,140,N,N,N,N,N,Y,Y,Y,N,Y,Y,Y,N,N,N,Y,Y,Y,Y,Y
226,Darlene Hotel,Hotel,NA,47,NA,50,NA,58,NA,NA,50,49,50,47,58,NA,NA,50,49,49,47,NA,NA,NA,50,49,49,48,NA,NA,NA,NA,2,0.0,5.9,4100,630,N,N,N,N,N,N,Y,N,N,Y,Y,N,N,N,N,Y,Y,Y,N,N
227,Mandarin Oriental Singapore,Hotel,NA,470,NA,470,NA,NA,564,NA,NA,470,NA,NA,NA,NA,470,470,NA,NA,NA,NA,NA,NA,NA,NA,470,NA,NA,NA,NA,NA,5,9.0,9.3,1300,420,N,N,Y,Y,Y,Y,Y,Y,N,Y,Y,Y,Y,N,N,Y,Y,Y,N,N
228,The Sultan (SG Clean),Hotel,NA,152,NA,154,NA,NA,NA,NA,NA,152,NA,NA,NA,NA,149,151,NA,NA,NA,NA,NA,NA,NA,NA,152,NA,NA,NA,151,152,3,8.1,8.5,2100,480,N,N,Y,Y,N,N,Y,N,N,Y,Y,Y,N,N,N,Y,Y,Y,Y,Y
229,Hotel Yan (SG Clean),Hotel,NA,132,NA,132,NA,NA,NA,NA,NA,132,NA,NA,NA,NA,132,132,NA,NA,NA,NA,NA,NA,NA,132,132,132,NA,NA,132,132,3,8.1,8.6,2800,350,N,N,N,N,N,N,Y,N,N,Y,Y,Y,N,N,N,N,Y,Y,Y,Y
230,Santa Grand Hotel East Coast (SG Clean),Hotel,NA,93,NA,115,NA,NA,NA,NA,NA,104,104,NA,118,NA,NA,104,104,104,104,NA,118,NA,104,104,104,104,NA,118,120,120,3,7.7,8.1,6800,1500,N,N,N,N,N,Y,Y,N,N,Y,N,Y,N,N,N,Y,Y,Y,Y,N
231,Hotel 81 Premier Hollywood (SG Clean Certified),Hotel,NA,62,NA,62,NA,81,NA,81,62,62,62,62,81,NA,81,62,62,62,62,NA,81,81,62,62,62,62,NA,81,81,62,2,7.3,7.6,4100,680,N,N,Y,Y,N,N,Y,N,N,N,Y,Y,N,N,N,N,Y,Y,N,Y
232,Hotel Royal @ Queens (SG Clean Certified),Hotel,NA,136,NA,136,NA,NA,NA,141,NA,136,NA,NA,NA,NA,141,136,NA,NA,NA,NA,NA,141,NA,NA,136,NA,NA,NA,141,136,4,7.5,7.6,990,180,N,N,N,N,N,N,Y,N,N,Y,Y,Y,Y,N,N,Y,Y,Y,Y,Y
233,ST Signature Tanjong Pagar,Hotel,NA,48,NA,48,NA,52,50,47,47,47,47,47,50,NA,47,47,47,47,47,NA,50,47,47,47,47,47,NA,50,47,47,3,8.6,9.0,1400,290,N,N,N,N,N,N,Y,Y,N,Y,N,Y,N,N,N,N,Y,Y,Y,Y
234,Arcadia Hotel,Hotel,NA,100,NA,100,NA,NA,NA,NA,NA,100,NA,NA,NA,NA,100,100,NA,NA,NA,NA,NA,NA,NA,NA,100,NA,NA,NA,100,100,4,8.2,8.8,2900,280,N,N,N,N,N,N,N,N,N,Y,Y,Y,N,N,N,Y,Y,Y,Y,N
235,"Aerotel Transit Hotel, Terminal 1",Hotel,NA,247,NA,247,NA,NA,NA,NA,NA,247,NA,NA,NA,NA,247,247,NA,NA,NA,NA,NA,NA,NA,NA,247,NA,NA,NA,NA,NA,0,8.2,8.8,240,560,Y,N,Y,Y,Y,Y,N,N,Y,Y,Y,N,N,N,N,N,Y,N,N,N
236,The Fullerton Bay Hotel,Hotel,NA,685,NA,685,NA,685,753,NA,NA,685,NA,NA,NA,761,589,589,NA,NA,NA,NA,694,NA,NA,NA,685,NA,NA,NA,685,NA,5,9.2,9.6,1100,160,N,N,Y,Y,Y,Y,Y,Y,N,Y,Y,Y,Y,N,N,N,Y,N,N,Y
237,ST Signature Jalan Besar SG Clean,Hotel,NA,66,NA,NA,NA,69,65,62,62,62,62,62,65,NA,62,62,62,62,62,NA,65,62,62,62,62,62,NA,65,62,NA,3,8.4,8.9,1900,40,N,N,N,N,N,N,N,N,N,Y,N,N,N,N,N,N,Y,Y,N,Y
238,Hotel NuVe Elements Clarke Quay - SG Clean Certified,Hotel,NA,159,NA,159,NA,NA,NA,131,129,131,129,131,NA,NA,128,131,129,131,128,NA,NA,155,152,155,155,155,NA,NA,130,131,4,8.2,8.3,350,150,N,N,N,N,N,N,Y,Y,N,Y,Y,Y,N,N,N,Y,Y,Y,Y,N
239,Hotel Classic by Venue (SG Clean Certified),Hotel,NA,88,NA,88,NA,98,98,NA,88,88,88,88,98,NA,88,88,88,88,88,NA,98,88,88,88,88,88,NA,98,88,88,3,8.3,8.9,6300,630,N,N,Y,Y,N,Y,Y,N,N,Y,Y,Y,N,N,N,Y,Y,Y,N,Y
240,Tai Hoe Hotel (SG Clean Certified),Hotel,NA,NA,79,80,NA,80,NA,NA,76,76,76,76,76,NA,76,76,76,76,76,NA,76,76,76,76,76,76,NA,76,76,76,2,7.5,7.2,2500,350,N,N,N,N,N,N,N,N,N,Y,Y,Y,N,N,N,N,Y,Y,N,Y
241,"Aqueen Hotel Lavender (SG Clean, Staycation Approved)",Hotel,NA,NA,86,89,87,88,81,84,82,83,82,84,82,NA,81,84,82,84,81,NA,83,84,NA,79,79,79,NA,79,78,78,3,7.2,7.7,2900,250,N,N,N,N,N,N,N,N,N,Y,Y,Y,N,N,N,N,Y,Y,Y,Y
242,"PARKROYAL COLLECTION Pickering, Singapore",Hotel,NA,263,NA,NA,NA,NA,NA,NA,264,263,NA,NA,NA,NA,264,263,257,NA,264,NA,NA,NA,264,NA,257,NA,NA,NA,257,264,5,8.9,9.3,550,260,N,N,N,N,Y,Y,Y,Y,N,Y,Y,Y,N,N,N,Y,Y,Y,Y,Y
243,Hotel Bencoolen (SG Clean Certified),Hotel,NA,115,115,115,115,NA,NA,NA,115,115,115,115,NA,NA,114,115,115,115,114,NA,NA,124,124,133,130,131,NA,NA,128,130,3,7.1,7.0,1000,40,N,N,N,N,Y,Y,Y,Y,N,Y,Y,Y,N,N,N,Y,Y,Y,Y,N
244,Hotel 1888 Collection (SG Clean),Hotel,NA,123,118,93,123,NA,NA,135,93,118,93,93,NA,NA,118,118,118,93,93,100,NA,93,93,93,93,93,NA,NA,93,93,3,8.3,8.2,950,280,N,N,N,N,N,N,N,N,N,Y,Y,N,N,N,N,N,Y,Y,N,N
245,Hotel 81 Orchid (SG Clean Certified),Hotel,NA,62,62,62,62,81,81,NA,62,62,62,62,81,NA,NA,62,62,62,62,NA,81,NA,62,62,62,62,NA,81,NA,62,2,7.9,8.4,4100,650,N,N,Y,Y,N,N,Y,N,N,N,Y,Y,N,N,N,Y,Y,Y,N,N
246,K Hotel,Hotel,NA,62,62,62,62,NA,NA,NA,62,62,62,62,NA,NA,NA,62,62,62,62,NA,NA,NA,62,62,62,62,NA,NA,NA,62,3,5.6,4.9,4000,590,N,N,N,N,N,N,Y,N,N,Y,Y,N,N,N,N,N,Y,Y,N,Y
247,Four Chain View Hotel,Hotel,NA,64,67,65,64,65,66,70,68,69,67,54,54,NA,54,58,54,70,54,NA,54,54,67,58,58,58,NA,71,69,58,2,6.5,5.8,5700,300,N,N,N,Y,N,N,Y,Y,N,N,Y,Y,N,N,N,N,Y,N,N,N
248,K Hotel 8,Hotel,NA,51,52,52,52,72,71,NA,48,48,48,48,67,NA,99,48,48,48,48,NA,NA,97,NA,48,48,48,NA,70,97,NA,3,0.0,6.0,4100,660,N,N,N,N,N,N,Y,N,N,Y,Y,N,N,N,N,N,Y,Y,N,N
249,ibis budget Singapore West Coast (SG Clean Certified),Hotel,NA,109,NA,NA,NA,NA,106,109,NA,NA,NA,NA,NA,NA,NA,NA,NA,NA,NA,NA,NA,NA,NA,NA,NA,NA,NA,NA,NA,NA,2,0.0,7.2,8600,1700,N,N,N,N,N,N,Y,N,N,Y,Y,Y,N,N,N,Y,Y,Y,N,N
250,Meriton Hotel,Hotel,NA,66,NA,NA,NA,70,70,70,NA,NA,61,NA,70,70,70,61,61,61,61,70,70,70,NA,52,NA,NA,61,66,70,52,2,5.6,4.7,1800,120,N,N,N,N,N,N,N,N,N,N,N,N,N,N,N,N,Y,Y,N,Y
251,JH Hotel,Hotel,NA,NA,NA,NA,NA,67,NA,NA,56,56,56,56,NA,NA,NA,59,56,56,56,65,NA,NA,58,59,59,59,65,NA,NA,NA,1,0.0,6.7,4200,680,N,N,N,Y,N,N,Y,N,N,N,Y,N,N,N,N,Y,Y,Y,N,N
252,Hotel Fuji,Hotel,NA,NA,NA,NA,NA,NA,89,NA,75,86,70,85,NA,NA,NA,77,85,88,74,NA,NA,NA,85,89,87,87,NA,NA,180,NA,2,0.0,6.6,4700,530,N,N,N,N,N,N,Y,N,N,Y,Y,Y,N,N,N,Y,Y,Y,Y,N
253,Spacepod@hive,Hostel,NA,27,27,27,27,27,NA,NA,27,27,27,27,27,NA,27,27,27,27,27,27,27,27,27,27,27,27,27,27,27,27,2,8.3,8.1,3100,520,N,N,Y,Y,N,N,Y,N,N,N,N,Y,N,N,N,N,Y,Y,N,Y
254,Pasir Panjang Inn,Hotel,NA,70,NA,70,NA,NA,NA,NA,NA,NA,NA,NA,108,NA,NA,NA,NA,NA,NA,NA,NA,NA,NA,NA,NA,NA,NA,NA,NA,NA,2,6.5,6.2,8500,1600,Y,N,Y,Y,N,N,Y,N,Y,Y,Y,Y,Y,N,N,N,Y,Y,N,Y
255,New Orchid Hotel,Hotel,NA,78,76,79,76,78,NA,89,76,78,76,79,96,98,84,79,76,79,75,79,87,89,76,79,78,79,76,89,87,NA,2,5.3,4.5,3800,900,Y,N,Y,Y,N,N,Y,N,N,N,Y,Y,N,N,N,N,Y,Y,N,Y
256,Hotel 81 Palace (SG Clean Certified),Hotel,NA,57,57,57,57,76,76,80,57,57,57,57,76,76,80,57,57,57,57,76,76,80,57,57,57,57,76,76,80,57,2,6.7,6.8,4400,610,N,N,Y,Y,N,N,Y,N,N,Y,Y,Y,N,N,N,Y,Y,Y,Y,Y
257,South East Asia Hotel,Hotel,NA,104,103,107,103,NA,NA,105,103,103,103,105,103,NA,102,104,103,106,102,106,104,105,103,106,105,105,103,106,104,NA,2,6.8,6.5,1400,280,N,N,Y,Y,N,N,Y,Y,Y,N,Y,Y,N,N,N,N,Y,N,N,Y
258,ibis budget Singapore Sapphire (SG Clean Certified),Hotel,NA,73,73,73,73,NA,79,79,NA,NA,NA,NA,NA,NA,NA,79,NA,NA,NA,NA,NA,NA,NA,NA,NA,NA,NA,NA,79,79,2,7.3,7.6,4200,710,N,N,N,N,N,N,Y,N,N,Y,Y,N,N,N,N,Y,Y,Y,N,Y
259,The Inn at Temple Street Hotel,Hotel,NA,78,77,79,77,NA,76,NA,77,77,76,NA,NA,NA,NA,78,77,79,76,NA,NA,78,77,79,79,78,NA,NA,NA,NA,3,7.2,6.9,870,180,N,N,Y,Y,N,N,Y,Y,N,Y,Y,Y,N,N,N,Y,Y,Y,Y,Y
260,Jamilla Boutique Inn,Hostel,NA,25,25,25,25,25,NA,25,25,25,25,25,25,25,25,25,25,25,25,25,25,25,25,25,25,25,25,25,25,25,0,6.9,6.2,2100,350,N,N,N,N,N,N,N,N,N,N,Y,Y,N,N,N,N,Y,Y,N,Y
261,S Inn Chinatown,Hostel,NA,23,23,23,23,20,20,19,22,22,22,22,20,20,19,22,22,22,22,20,20,19,21,21,21,21,20,20,19,NA,2,8.0,7.5,870,170,N,N,Y,Y,N,N,Y,Y,N,N,N,Y,N,N,Y,N,Y,Y,N,Y
262,D'Hotel Singapore (SG Clean),Hotel,NA,158,158,158,158,NA,158,158,NA,NA,NA,NA,158,NA,NA,NA,NA,NA,NA,NA,NA,158,NA,NA,NA,NA,NA,158,NA,NA,4,8.0,8.0,1400,690,N,N,Y,Y,Y,N,Y,N,Y,Y,Y,Y,N,N,N,N,Y,N,N,N
263,Kim Tian Hotel,Hotel,NA,65,65,NA,65,65,NA,NA,65,65,NA,NA,NA,NA,NA,NA,65,NA,NA,65,NA,NA,65,NA,NA,65,65,NA,NA,NA,2,5.3,3.9,4700,490,N,N,N,N,N,N,Y,N,N,N,N,Y,Y,N,N,N,Y,Y,N,N
264,Amber Hotel Katong,Hotel,NA,90,90,90,90,90,100,NA,NA,90,NA,NA,90,NA,NA,NA,90,NA,NA,90,100,NA,90,NA,90,90,90,NA,NA,90,2,7.2,6.5,6200,1700,Y,N,Y,Y,N,N,Y,N,N,N,Y,Y,N,N,N,N,Y,N,N,N
265,ZEN Rooms Geylang,Hotel,NA,74,74,74,74,87,87,87,NA,74,NA,NA,87,NA,92,NA,NA,NA,NA,87,87,NA,NA,NA,74,NA,NA,NA,NA,NA,1,0.0,6.2,5700,320,N,N,N,N,N,N,Y,Y,N,Y,Y,N,N,N,N,Y,Y,Y,N,Y
266,Kim Tian Hotel (Star),Hotel,NA,65,65,NA,65,65,NA,NA,NA,65,NA,NA,NA,NA,NA,65,NA,NA,NA,65,NA,NA,NA,NA,NA,NA,65,NA,NA,NA,2,4.8,4.0,4100,550,N,N,N,N,N,N,Y,N,N,N,Y,N,Y,N,N,N,Y,Y,N,N
267,Kim Tian Hotel (Han),Hotel,NA,65,65,NA,65,NA,NA,NA,NA,65,NA,NA,98,NA,NA,65,NA,NA,NA,65,NA,NA,NA,NA,NA,NA,NA,NA,NA,65,2,5.1,4.7,4000,550,N,N,N,N,N,N,Y,N,N,N,N,Y,N,N,N,N,Y,Y,N,Y
268,Aqueen Hotel Balestier,Hotel,NA,140,133,NA,133,NA,NA,NA,133,NA,133,136,133,NA,124,NA,124,127,124,136,133,127,133,136,133,136,141,145,124,119,3,7.3,7.8,3900,870,N,N,N,N,N,N,N,N,N,N,Y,Y,N,N,N,N,Y,N,N,N
269,ibis budget Singapore Bugis,Hotel,NA,NA,98,100,98,99,97,100,NA,99,NA,NA,98,NA,97,NA,NA,NA,NA,100,99,100,NA,NA,100,NA,NA,NA,99,NA,2,0.0,7.3,1300,400,N,N,Y,Y,N,N,Y,N,N,Y,Y,Y,N,N,N,N,Y,N,N,Y
270,Shangri-la Singapore,Hotel,NA,NA,NA,406,NA,NA,NA,NA,NA,430,NA,NA,NA,NA,NA,NA,NA,NA,NA,NA,NA,NA,NA,NA,518,NA,NA,NA,NA,NA,5,9.0,9.2,3200,980,N,N,Y,Y,Y,Y,Y,Y,N,Y,Y,Y,Y,N,N,N,Y,N,N,N
271,M Hotel,Hotel,NA,NA,NA,NA,NA,NA,266,266,NA,NA,NA,NA,NA,NA,NA,NA,NA,NA,NA,NA,NA,NA,NA,NA,NA,NA,NA,239,NA,NA,5,8.1,8.5,1900,300,N,N,N,N,Y,Y,Y,Y,N,Y,Y,Y,Y,N,N,Y,Y,Y,Y,N
272,Beary Best Kampong Glam,Hostel,NA,NA,NA,NA,NA,NA,NA,31,NA,NA,NA,NA,NA,NA,NA,31,31,NA,31,NA,NA,NA,31,31,NA,31,NA,NA,NA,NA,2,0.0,8.4,1900,350,N,N,N,N,N,N,Y,Y,N,Y,N,N,N,N,N,N,Y,Y,Y,Y
273,Capella Singapore Hotel,Hotel,NA,NA,NA,NA,NA,NA,NA,NA,NA,"1,124",NA,NA,NA,NA,"1,124","1,066","1,066","1,066",NA,NA,NA,NA,NA,NA,NA,NA,NA,NA,917,917,5,8.9,9.3,5200,730,N,N,N,N,Y,Y,Y,Y,N,Y,Y,Y,N,N,N,Y,Y,Y,Y,N
274,Travelodge Harbourfront Singapore (SG Clean Certified),Hotel,NA,NA,NA,NA,NA,NA,NA,NA,NA,124,NA,NA,NA,NA,NA,124,NA,NA,NA,NA,NA,NA,NA,NA,135,NA,NA,NA,NA,NA,4,7.7,7.9,3700,200,N,N,N,Y,Y,Y,Y,N,N,Y,Y,Y,N,N,N,Y,Y,Y,N,N
275,Dorsett Singapore,Hotel,NA,NA,NA,NA,NA,NA,NA,NA,NA,NA,180,183,191,NA,180,174,166,170,166,NA,NA,164,166,170,166,170,161,NA,NA,NA,4,8.3,8.4,1400,90,N,N,N,N,Y,Y,Y,N,N,N,Y,Y,N,N,N,Y,Y,Y,Y,Y
276,Meadows Hostel,Capsule hotel,NA,NA,NA,NA,NA,NA,NA,NA,NA,NA,179,182,179,NA,178,181,179,182,178,182,181,182,180,182,182,182,180,182,181,182,1,7.2,6.8,2800,350,N,N,N,N,N,N,Y,Y,N,N,Y,Y,N,N,N,N,Y,Y,Y,N
277,Park Regis Singapore (SG Clean Certified),Hotel,NA,NA,NA,NA,NA,NA,NA,NA,NA,NA,NA,NA,207,NA,NA,NA,NA,NA,NA,NA,NA,NA,NA,NA,NA,NA,NA,NA,NA,NA,4,8.3,8.6,350,190,N,N,N,N,Y,Y,Y,Y,N,Y,Y,Y,N,N,N,Y,Y,Y,Y,Y
278,Studio at Selegie,Entire apartment,NA,NA,NA,NA,NA,NA,NA,NA,NA,NA,NA,NA,241,NA,NA,NA,NA,NA,NA,NA,NA,NA,NA,NA,NA,NA,NA,NA,NA,NA,3,7.0,6.7,NA,NA,N,N,N,Y,N,N,N,N,N,N,N,N,N,N,N,N,N,Y,N,N
279,Holiday Inn Express Singapore Serangoon,Hotel,NA,NA,NA,NA,NA,NA,NA,NA,NA,NA,NA,NA,NA,NA,140,129,134,134,134,NA,140,140,NA,140,140,140,NA,140,NA,NA,3,8.5,8.6,2600,570,N,N,Y,Y,Y,N,Y,N,Y,Y,Y,Y,N,N,N,Y,Y,Y,N,N
280,Pan Pacific Singapore,Hotel,NA,NA,NA,NA,NA,NA,NA,NA,NA,NA,NA,NA,NA,NA,NA,301,NA,NA,NA,NA,NA,NA,NA,NA,274,NA,NA,NA,274,301,5,8.9,9.1,1400,310,N,N,N,N,Y,Y,Y,Y,N,Y,Y,Y,N,N,N,Y,Y,Y,N,Y
281,Holiday Inn Express Singapore Clarke Quay (SG Clean Certified),Hotel,NA,NA,NA,NA,NA,NA,NA,NA,NA,NA,NA,NA,NA,NA,NA,173,NA,NA,NA,NA,NA,NA,NA,NA,173,NA,NA,NA,173,173,3,8.6,9.0,520,500,N,N,Y,N,Y,Y,Y,N,Y,Y,Y,Y,N,N,N,Y,Y,Y,Y,Y
282,Hotel Indigo Singapore Katong,Hotel,NA,NA,NA,NA,NA,NA,NA,NA,NA,NA,NA,NA,NA,NA,NA,NA,NA,NA,NA,NA,NA,246,NA,NA,235,NA,NA,NA,246,235,4,9.0,9.3,6600,1600,N,N,Y,Y,Y,Y,Y,N,N,Y,Y,Y,N,N,N,Y,Y,Y,Y,Y
283,Holiday Inn Express Singapore Katong,Hotel,NA,NA,NA,NA,NA,NA,NA,NA,NA,NA,NA,NA,NA,NA,NA,162,162,162,162,185,NA,162,162,162,162,162,185,185,162,162,3,8.3,8.7,6700,1700,N,N,Y,Y,Y,N,Y,N,Y,Y,Y,Y,N,N,N,Y,Y,Y,N,Y
284,The Westin Singapore,Hotel,NA,NA,NA,NA,NA,NA,NA,NA,NA,NA,NA,NA,NA,NA,NA,471,NA,NA,NA,471,506,471,435,NA,589,435,NA,530,NA,NA,5,8.8,9.4,1400,280,N,N,Y,Y,Y,Y,Y,Y,N,Y,Y,Y,Y,N,N,Y,Y,Y,N,Y
285,Courtyard by Marriott Singapore Novena (SG Clean Certified),Hotel,NA,NA,NA,NA,NA,NA,NA,NA,NA,NA,NA,NA,NA,NA,NA,281,317,NA,270,NA,NA,NA,270,281,NA,234,NA,NA,246,270,4,8.5,9.3,3400,90,N,N,Y,Y,Y,Y,Y,Y,N,Y,Y,Y,N,N,N,N,Y,N,N,Y
286,Rucksack Inn @ Lavender Street (SG Clean Certified),Hostel,NA,NA,NA,NA,NA,NA,NA,NA,NA,NA,NA,NA,NA,NA,NA,28,29,NA,29,30,NA,NA,28,27,28,26,29,NA,NA,NA,1,8.1,8.0,3100,350,N,N,Y,Y,N,N,Y,Y,N,Y,N,Y,N,N,Y,N,Y,Y,N,Y
287,The Scarlet Singapore Hotel (SG Clean Certified),Hotel,NA,NA,NA,NA,NA,NA,NA,NA,NA,NA,NA,NA,NA,NA,NA,626,NA,NA,NA,NA,NA,NA,NA,NA,NA,NA,NA,NA,NA,NA,4,8.2,8.7,1100,390,N,N,N,N,Y,N,Y,Y,N,Y,Y,Y,N,N,N,Y,Y,Y,Y,Y
288,"Pan Pacific Serviced Suites Orchard, Singapore",Serviced apartment,NA,NA,NA,NA,NA,NA,NA,NA,NA,NA,NA,NA,NA,NA,NA,"1,756",NA,NA,NA,NA,NA,NA,NA,NA,NA,NA,NA,NA,NA,NA,5,9.0,8.9,1500,140,N,N,Y,Y,Y,Y,Y,Y,N,Y,Y,Y,N,N,Y,Y,Y,Y,N,Y
289,PARKROYAL Serviced Suites Singapore,Serviced apartment,NA,NA,NA,NA,NA,NA,NA,NA,NA,NA,NA,NA,NA,NA,NA,"1,761",NA,NA,NA,NA,NA,NA,NA,NA,NA,NA,NA,NA,NA,NA,4,8.8,8.8,1900,340,N,N,Y,Y,Y,Y,Y,Y,N,Y,Y,Y,N,N,N,Y,Y,Y,Y,N
290,Hotel Grand Pacific,Hotel,NA,NA,NA,NA,NA,NA,NA,NA,NA,NA,NA,NA,NA,NA,NA,874,NA,NA,NA,NA,NA,NA,NA,NA,NA,NA,NA,NA,NA,NA,4,7.7,7.6,1100,250,N,N,N,N,Y,Y,Y,N,N,Y,Y,Y,Y,N,N,Y,Y,Y,Y,Y
291,Hotel Miramar Singapore - SG Clean Certified,Hotel,NA,NA,NA,NA,NA,NA,NA,NA,NA,NA,NA,NA,NA,NA,NA,"2,404",NA,NA,NA,NA,NA,NA,NA,NA,NA,NA,NA,NA,NA,NA,4,0.0,7.8,1000,860,N,N,N,N,Y,Y,Y,N,N,N,Y,Y,Y,N,N,Y,Y,N,N,Y
292,ZEN Rooms 1515 (SG Clean),Hotel,NA,NA,NA,NA,NA,NA,NA,NA,NA,NA,NA,NA,NA,NA,NA,NA,NA,NA,NA,NA,NA,NA,NA,NA,NA,NA,NA,NA,61,NA,2,6.7,6.3,4300,640,N,N,N,N,N,N,Y,N,N,Y,Y,Y,N,N,N,N,Y,Y,N,Y
293,Citadines Fusionopolis Singapore (SG Clean Certified),Serviced apartment,NA,NA,NA,NA,NA,NA,NA,NA,NA,NA,NA,NA,NA,NA,NA,NA,NA,NA,NA,NA,NA,NA,NA,NA,NA,NA,NA,NA,231,231,4,8.4,8.1,6600,130,N,N,Y,N,Y,N,Y,Y,N,Y,N,Y,Y,N,Y,Y,Y,Y,Y,Y
294,Adler Hostel,Capsule hotel,NA,NA,NA,NA,NA,NA,NA,NA,NA,NA,NA,NA,NA,NA,NA,NA,NA,NA,NA,NA,NA,NA,NA,NA,NA,NA,NA,NA,NA,35,2,8.6,8.4,940,320,N,N,Y,Y,N,N,Y,Y,N,Y,Y,Y,N,N,N,N,Y,Y,N,Y
